[2026-03-26 03:50:32] production.ERROR: Class "Laravel\Sanctum\Sanctum" not found {"exception":"[object] (Error(code: 0): Class \"Laravel\\Sanctum\\Sanctum\" not found at C:/xampppp/htdocs/Nelson/xd/PI-Nelson/config/sanctum.php:21)
[stacktrace]
#0 C:/xampppp/htdocs/Nelson/xd/PI-Nelson/vendor/laravel/framework/src/Illuminate/Foundation/Bootstrap/LoadConfiguration.php(115): require()
#1 C:/xampppp/htdocs/Nelson/xd/PI-Nelson/vendor/laravel/framework/src/Illuminate/Foundation/Bootstrap/LoadConfiguration.php(115): Illuminate/Foundation/Bootstrap/LoadConfiguration->{closure:Illuminate/Foundation/Bootstrap/LoadConfiguration::loadConfigurationFile():115}()
#2 C:/xampppp/htdocs/Nelson/xd/PI-Nelson/vendor/laravel/framework/src/Illuminate/Foundation/Bootstrap/LoadConfiguration.php(96): Illuminate/Foundation/Bootstrap/LoadConfiguration->loadConfigurationFile()
#3 C:/xampppp/htdocs/Nelson/xd/PI-Nelson/vendor/laravel/framework/src/Illuminate/Foundation/Bootstrap/LoadConfiguration.php(55): Illuminate/Foundation/Bootstrap/LoadConfiguration->loadConfigurationFiles()
#4 C:/xampppp/htdocs/Nelson/xd/PI-Nelson/vendor/laravel/framework/src/Illuminate/Foundation/Application.php(342): Illuminate/Foundation/Bootstrap/LoadConfiguration->bootstrap()
#5 C:/xampppp/htdocs/Nelson/xd/PI-Nelson/vendor/laravel/framework/src/Illuminate/Foundation/Console/Kernel.php(494): Illuminate/Foundation/Application->bootstrapWith()
#6 C:/xampppp/htdocs/Nelson/xd/PI-Nelson/vendor/laravel/framework/src/Illuminate/Foundation/Console/Kernel.php(196): Illuminate/Foundation/Console/Kernel->bootstrap()
#7 C:/xampppp/htdocs/Nelson/xd/PI-Nelson/vendor/laravel/framework/src/Illuminate/Foundation/Application.php(1235): Illuminate/Foundation/Console/Kernel->handle()
#8 C:/xampppp/htdocs/Nelson/xd/PI-Nelson/artisan(16): Illuminate/Foundation/Application->handleCommand()
#9 {main}
"} 
[2026-03-26 03:55:12] production.ERROR: Class "Laravel\Sanctum\Sanctum" not found {"exception":"[object] (Error(code: 0): Class \"Laravel\\Sanctum\\Sanctum\" not found at C:/xampppp/htdocs/Nelson/xd/PI-Nelson/config/sanctum.php:21)
[stacktrace]
#0 C:/xampppp/htdocs/Nelson/xd/PI-Nelson/vendor/laravel/framework/src/Illuminate/Foundation/Bootstrap/LoadConfiguration.php(115): require()
#1 C:/xampppp/htdocs/Nelson/xd/PI-Nelson/vendor/laravel/framework/src/Illuminate/Foundation/Bootstrap/LoadConfiguration.php(115): Illuminate/Foundation/Bootstrap/LoadConfiguration->{closure:Illuminate/Foundation/Bootstrap/LoadConfiguration::loadConfigurationFile():115}()
#2 C:/xampppp/htdocs/Nelson/xd/PI-Nelson/vendor/laravel/framework/src/Illuminate/Foundation/Bootstrap/LoadConfiguration.php(96): Illuminate/Foundation/Bootstrap/LoadConfiguration->loadConfigurationFile()
#3 C:/xampppp/htdocs/Nelson/xd/PI-Nelson/vendor/laravel/framework/src/Illuminate/Foundation/Bootstrap/LoadConfiguration.php(55): Illuminate/Foundation/Bootstrap/LoadConfiguration->loadConfigurationFiles()
#4 C:/xampppp/htdocs/Nelson/xd/PI-Nelson/vendor/laravel/framework/src/Illuminate/Foundation/Application.php(342): Illuminate/Foundation/Bootstrap/LoadConfiguration->bootstrap()
#5 C:/xampppp/htdocs/Nelson/xd/PI-Nelson/vendor/laravel/framework/src/Illuminate/Foundation/Console/Kernel.php(494): Illuminate/Foundation/Application->bootstrapWith()
#6 C:/xampppp/htdocs/Nelson/xd/PI-Nelson/vendor/laravel/framework/src/Illuminate/Foundation/Console/Kernel.php(196): Illuminate/Foundation/Console/Kernel->bootstrap()
#7 C:/xampppp/htdocs/Nelson/xd/PI-Nelson/vendor/laravel/framework/src/Illuminate/Foundation/Application.php(1235): Illuminate/Foundation/Console/Kernel->handle()
#8 C:/xampppp/htdocs/Nelson/xd/PI-Nelson/artisan(16): Illuminate/Foundation/Application->handleCommand()
#9 {main}
"} 
[2026-03-26 03:55:35] production.ERROR: Class "Laravel\Sanctum\Sanctum" not found {"exception":"[object] (Error(code: 0): Class \"Laravel\\Sanctum\\Sanctum\" not found at C:/xampppp/htdocs/Nelson/xd/PI-Nelson/config/sanctum.php:21)
[stacktrace]
#0 C:/xampppp/htdocs/Nelson/xd/PI-Nelson/vendor/laravel/framework/src/Illuminate/Foundation/Bootstrap/LoadConfiguration.php(115): require()
#1 C:/xampppp/htdocs/Nelson/xd/PI-Nelson/vendor/laravel/framework/src/Illuminate/Foundation/Bootstrap/LoadConfiguration.php(115): Illuminate/Foundation/Bootstrap/LoadConfiguration->{closure:Illuminate/Foundation/Bootstrap/LoadConfiguration::loadConfigurationFile():115}()
#2 C:/xampppp/htdocs/Nelson/xd/PI-Nelson/vendor/laravel/framework/src/Illuminate/Foundation/Bootstrap/LoadConfiguration.php(96): Illuminate/Foundation/Bootstrap/LoadConfiguration->loadConfigurationFile()
#3 C:/xampppp/htdocs/Nelson/xd/PI-Nelson/vendor/laravel/framework/src/Illuminate/Foundation/Bootstrap/LoadConfiguration.php(55): Illuminate/Foundation/Bootstrap/LoadConfiguration->loadConfigurationFiles()
#4 C:/xampppp/htdocs/Nelson/xd/PI-Nelson/vendor/laravel/framework/src/Illuminate/Foundation/Application.php(342): Illuminate/Foundation/Bootstrap/LoadConfiguration->bootstrap()
#5 C:/xampppp/htdocs/Nelson/xd/PI-Nelson/vendor/laravel/framework/src/Illuminate/Foundation/Console/Kernel.php(494): Illuminate/Foundation/Application->bootstrapWith()
#6 C:/xampppp/htdocs/Nelson/xd/PI-Nelson/vendor/laravel/framework/src/Illuminate/Foundation/Console/Kernel.php(196): Illuminate/Foundation/Console/Kernel->bootstrap()
#7 C:/xampppp/htdocs/Nelson/xd/PI-Nelson/vendor/laravel/framework/src/Illuminate/Foundation/Application.php(1235): Illuminate/Foundation/Console/Kernel->handle()
#8 C:/xampppp/htdocs/Nelson/xd/PI-Nelson/artisan(16): Illuminate/Foundation/Application->handleCommand()
#9 {main}
"} 
[2026-03-26 03:56:56] production.ERROR: No application encryption key has been specified. {"exception":"[object] (Illuminate\\Encryption\\MissingAppKeyException(code: 0): No application encryption key has been specified. at C:/xampppp/htdocs/Nelson/xd/PI-Nelson/vendor/laravel/framework/src/Illuminate/Encryption/EncryptionServiceProvider.php:83)
[stacktrace]
#0 C:/xampppp/htdocs/Nelson/xd/PI-Nelson/vendor/laravel/framework/src/Illuminate/Support/helpers.php(388): Illuminate/Encryption/EncryptionServiceProvider->{closure:Illuminate/Encryption/EncryptionServiceProvider::key():81}()
#1 C:/xampppp/htdocs/Nelson/xd/PI-Nelson/vendor/laravel/framework/src/Illuminate/Encryption/EncryptionServiceProvider.php(81): tap()
#2 C:/xampppp/htdocs/Nelson/xd/PI-Nelson/vendor/laravel/framework/src/Illuminate/Encryption/EncryptionServiceProvider.php(64): Illuminate/Encryption/EncryptionServiceProvider->key()
#3 C:/xampppp/htdocs/Nelson/xd/PI-Nelson/vendor/laravel/framework/src/Illuminate/Encryption/EncryptionServiceProvider.php(32): Illuminate/Encryption/EncryptionServiceProvider->parseKey()
#4 C:/xampppp/htdocs/Nelson/xd/PI-Nelson/vendor/laravel/framework/src/Illuminate/Container/Container.php(1115): Illuminate/Encryption/EncryptionServiceProvider->{closure:Illuminate/Encryption/EncryptionServiceProvider::registerEncrypter():29}()
#5 C:/xampppp/htdocs/Nelson/xd/PI-Nelson/vendor/laravel/framework/src/Illuminate/Container/Container.php(933): Illuminate/Container/Container->build()
#6 C:/xampppp/htdocs/Nelson/xd/PI-Nelson/vendor/laravel/framework/src/Illuminate/Foundation/Application.php(1078): Illuminate/Container/Container->resolve()
#7 C:/xampppp/htdocs/Nelson/xd/PI-Nelson/vendor/laravel/framework/src/Illuminate/Container/Container.php(864): Illuminate/Foundation/Application->resolve()
#8 C:/xampppp/htdocs/Nelson/xd/PI-Nelson/vendor/laravel/framework/src/Illuminate/Foundation/Application.php(1058): Illuminate/Container/Container->make()
#9 C:/xampppp/htdocs/Nelson/xd/PI-Nelson/vendor/laravel/framework/src/Illuminate/Container/Container.php(1336): Illuminate/Foundation/Application->make()
#10 C:/xampppp/htdocs/Nelson/xd/PI-Nelson/vendor/laravel/framework/src/Illuminate/Container/Container.php(1237): Illuminate/Container/Container->resolveClass()
#11 C:/xampppp/htdocs/Nelson/xd/PI-Nelson/vendor/laravel/framework/src/Illuminate/Container/Container.php(1162): Illuminate/Container/Container->resolveDependencies()
#12 C:/xampppp/htdocs/Nelson/xd/PI-Nelson/vendor/laravel/framework/src/Illuminate/Container/Container.php(933): Illuminate/Container/Container->build()
#13 C:/xampppp/htdocs/Nelson/xd/PI-Nelson/vendor/laravel/framework/src/Illuminate/Foundation/Application.php(1078): Illuminate/Container/Container->resolve()
#14 C:/xampppp/htdocs/Nelson/xd/PI-Nelson/vendor/laravel/framework/src/Illuminate/Container/Container.php(864): Illuminate/Foundation/Application->resolve()
#15 C:/xampppp/htdocs/Nelson/xd/PI-Nelson/vendor/laravel/framework/src/Illuminate/Foundation/Application.php(1058): Illuminate/Container/Container->make()
#16 C:/xampppp/htdocs/Nelson/xd/PI-Nelson/vendor/laravel/framework/src/Illuminate/Pipeline/Pipeline.php(208): Illuminate/Foundation/Application->make()
#17 C:/xampppp/htdocs/Nelson/xd/PI-Nelson/vendor/laravel/framework/src/Illuminate/Pipeline/Pipeline.php(137): Illuminate/Pipeline/Pipeline->{closure:{closure:Illuminate/Pipeline/Pipeline::carry():194}:195}()
#18 C:/xampppp/htdocs/Nelson/xd/PI-Nelson/vendor/laravel/framework/src/Illuminate/Routing/Router.php(821): Illuminate/Pipeline/Pipeline->then()
#19 C:/xampppp/htdocs/Nelson/xd/PI-Nelson/vendor/laravel/framework/src/Illuminate/Routing/Router.php(800): Illuminate/Routing/Router->runRouteWithinStack()
#20 C:/xampppp/htdocs/Nelson/xd/PI-Nelson/vendor/laravel/framework/src/Illuminate/Routing/Router.php(764): Illuminate/Routing/Router->runRoute()
#21 C:/xampppp/htdocs/Nelson/xd/PI-Nelson/vendor/laravel/framework/src/Illuminate/Routing/Router.php(753): Illuminate/Routing/Router->dispatchToRoute()
#22 C:/xampppp/htdocs/Nelson/xd/PI-Nelson/vendor/laravel/framework/src/Illuminate/Foundation/Http/Kernel.php(200): Illuminate/Routing/Router->dispatch()
#23 C:/xampppp/htdocs/Nelson/xd/PI-Nelson/vendor/laravel/framework/src/Illuminate/Pipeline/Pipeline.php(180): Illuminate/Foundation/Http/Kernel->{closure:Illuminate/Foundation/Http/Kernel::dispatchToRouter():197}()
#24 C:/xampppp/htdocs/Nelson/xd/PI-Nelson/vendor/laravel/framework/src/Illuminate/Foundation/Http/Middleware/TransformsRequest.php(21): Illuminate/Pipeline/Pipeline->{closure:Illuminate/Pipeline/Pipeline::prepareDestination():178}()
#25 C:/xampppp/htdocs/Nelson/xd/PI-Nelson/vendor/laravel/framework/src/Illuminate/Foundation/Http/Middleware/ConvertEmptyStringsToNull.php(31): Illuminate/Foundation/Http/Middleware/TransformsRequest->handle()
#26 C:/xampppp/htdocs/Nelson/xd/PI-Nelson/vendor/laravel/framework/src/Illuminate/Pipeline/Pipeline.php(219): Illuminate/Foundation/Http/Middleware/ConvertEmptyStringsToNull->handle()
#27 C:/xampppp/htdocs/Nelson/xd/PI-Nelson/vendor/laravel/framework/src/Illuminate/Foundation/Http/Middleware/TransformsRequest.php(21): Illuminate/Pipeline/Pipeline->{closure:{closure:Illuminate/Pipeline/Pipeline::carry():194}:195}()
#28 C:/xampppp/htdocs/Nelson/xd/PI-Nelson/vendor/laravel/framework/src/Illuminate/Foundation/Http/Middleware/TrimStrings.php(51): Illuminate/Foundation/Http/Middleware/TransformsRequest->handle()
#29 C:/xampppp/htdocs/Nelson/xd/PI-Nelson/vendor/laravel/framework/src/Illuminate/Pipeline/Pipeline.php(219): Illuminate/Foundation/Http/Middleware/TrimStrings->handle()
#30 C:/xampppp/htdocs/Nelson/xd/PI-Nelson/vendor/laravel/framework/src/Illuminate/Http/Middleware/ValidatePostSize.php(27): Illuminate/Pipeline/Pipeline->{closure:{closure:Illuminate/Pipeline/Pipeline::carry():194}:195}()
#31 C:/xampppp/htdocs/Nelson/xd/PI-Nelson/vendor/laravel/framework/src/Illuminate/Pipeline/Pipeline.php(219): Illuminate/Http/Middleware/ValidatePostSize->handle()
#32 C:/xampppp/htdocs/Nelson/xd/PI-Nelson/vendor/laravel/framework/src/Illuminate/Foundation/Http/Middleware/PreventRequestsDuringMaintenance.php(109): Illuminate/Pipeline/Pipeline->{closure:{closure:Illuminate/Pipeline/Pipeline::carry():194}:195}()
#33 C:/xampppp/htdocs/Nelson/xd/PI-Nelson/vendor/laravel/framework/src/Illuminate/Pipeline/Pipeline.php(219): Illuminate/Foundation/Http/Middleware/PreventRequestsDuringMaintenance->handle()
#34 C:/xampppp/htdocs/Nelson/xd/PI-Nelson/vendor/laravel/framework/src/Illuminate/Http/Middleware/HandleCors.php(61): Illuminate/Pipeline/Pipeline->{closure:{closure:Illuminate/Pipeline/Pipeline::carry():194}:195}()
#35 C:/xampppp/htdocs/Nelson/xd/PI-Nelson/vendor/laravel/framework/src/Illuminate/Pipeline/Pipeline.php(219): Illuminate/Http/Middleware/HandleCors->handle()
#36 C:/xampppp/htdocs/Nelson/xd/PI-Nelson/vendor/laravel/framework/src/Illuminate/Http/Middleware/TrustProxies.php(58): Illuminate/Pipeline/Pipeline->{closure:{closure:Illuminate/Pipeline/Pipeline::carry():194}:195}()
#37 C:/xampppp/htdocs/Nelson/xd/PI-Nelson/vendor/laravel/framework/src/Illuminate/Pipeline/Pipeline.php(219): Illuminate/Http/Middleware/TrustProxies->handle()
#38 C:/xampppp/htdocs/Nelson/xd/PI-Nelson/vendor/laravel/framework/src/Illuminate/Foundation/Http/Middleware/InvokeDeferredCallbacks.php(22): Illuminate/Pipeline/Pipeline->{closure:{closure:Illuminate/Pipeline/Pipeline::carry():194}:195}()
#39 C:/xampppp/htdocs/Nelson/xd/PI-Nelson/vendor/laravel/framework/src/Illuminate/Pipeline/Pipeline.php(219): Illuminate/Foundation/Http/Middleware/InvokeDeferredCallbacks->handle()
#40 C:/xampppp/htdocs/Nelson/xd/PI-Nelson/vendor/laravel/framework/src/Illuminate/Http/Middleware/ValidatePathEncoding.php(26): Illuminate/Pipeline/Pipeline->{closure:{closure:Illuminate/Pipeline/Pipeline::carry():194}:195}()
#41 C:/xampppp/htdocs/Nelson/xd/PI-Nelson/vendor/laravel/framework/src/Illuminate/Pipeline/Pipeline.php(219): Illuminate/Http/Middleware/ValidatePathEncoding->handle()
#42 C:/xampppp/htdocs/Nelson/xd/PI-Nelson/vendor/laravel/framework/src/Illuminate/Pipeline/Pipeline.php(137): Illuminate/Pipeline/Pipeline->{closure:{closure:Illuminate/Pipeline/Pipeline::carry():194}:195}()
#43 C:/xampppp/htdocs/Nelson/xd/PI-Nelson/vendor/laravel/framework/src/Illuminate/Foundation/Http/Kernel.php(175): Illuminate/Pipeline/Pipeline->then()
#44 C:/xampppp/htdocs/Nelson/xd/PI-Nelson/vendor/laravel/framework/src/Illuminate/Foundation/Http/Kernel.php(144): Illuminate/Foundation/Http/Kernel->sendRequestThroughRouter()
#45 C:/xampppp/htdocs/Nelson/xd/PI-Nelson/vendor/laravel/framework/src/Illuminate/Foundation/Application.php(1220): Illuminate/Foundation/Http/Kernel->handle()
#46 C:/xampppp/htdocs/Nelson/xd/PI-Nelson/public/index.php(20): Illuminate/Foundation/Application->handleRequest()
#47 C:/xampppp/htdocs/Nelson/xd/PI-Nelson/vendor/laravel/framework/src/Illuminate/Foundation/resources/server.php(23): require_once('...')
#48 {main}
"} 
[2026-03-26 03:56:57] production.ERROR: No application encryption key has been specified. {"exception":"[object] (Illuminate\\Encryption\\MissingAppKeyException(code: 0): No application encryption key has been specified. at C:/xampppp/htdocs/Nelson/xd/PI-Nelson/vendor/laravel/framework/src/Illuminate/Encryption/EncryptionServiceProvider.php:83)
[stacktrace]
#0 C:/xampppp/htdocs/Nelson/xd/PI-Nelson/vendor/laravel/framework/src/Illuminate/Support/helpers.php(388): Illuminate/Encryption/EncryptionServiceProvider->{closure:Illuminate/Encryption/EncryptionServiceProvider::key():81}()
#1 C:/xampppp/htdocs/Nelson/xd/PI-Nelson/vendor/laravel/framework/src/Illuminate/Encryption/EncryptionServiceProvider.php(81): tap()
#2 C:/xampppp/htdocs/Nelson/xd/PI-Nelson/vendor/laravel/framework/src/Illuminate/Encryption/EncryptionServiceProvider.php(64): Illuminate/Encryption/EncryptionServiceProvider->key()
#3 C:/xampppp/htdocs/Nelson/xd/PI-Nelson/vendor/laravel/framework/src/Illuminate/Encryption/EncryptionServiceProvider.php(32): Illuminate/Encryption/EncryptionServiceProvider->parseKey()
#4 C:/xampppp/htdocs/Nelson/xd/PI-Nelson/vendor/laravel/framework/src/Illuminate/Container/Container.php(1115): Illuminate/Encryption/EncryptionServiceProvider->{closure:Illuminate/Encryption/EncryptionServiceProvider::registerEncrypter():29}()
#5 C:/xampppp/htdocs/Nelson/xd/PI-Nelson/vendor/laravel/framework/src/Illuminate/Container/Container.php(933): Illuminate/Container/Container->build()
#6 C:/xampppp/htdocs/Nelson/xd/PI-Nelson/vendor/laravel/framework/src/Illuminate/Foundation/Application.php(1078): Illuminate/Container/Container->resolve()
#7 C:/xampppp/htdocs/Nelson/xd/PI-Nelson/vendor/laravel/framework/src/Illuminate/Container/Container.php(864): Illuminate/Foundation/Application->resolve()
#8 C:/xampppp/htdocs/Nelson/xd/PI-Nelson/vendor/laravel/framework/src/Illuminate/Foundation/Application.php(1058): Illuminate/Container/Container->make()
#9 C:/xampppp/htdocs/Nelson/xd/PI-Nelson/vendor/laravel/framework/src/Illuminate/Container/Container.php(1336): Illuminate/Foundation/Application->make()
#10 C:/xampppp/htdocs/Nelson/xd/PI-Nelson/vendor/laravel/framework/src/Illuminate/Container/Container.php(1237): Illuminate/Container/Container->resolveClass()
#11 C:/xampppp/htdocs/Nelson/xd/PI-Nelson/vendor/laravel/framework/src/Illuminate/Container/Container.php(1162): Illuminate/Container/Container->resolveDependencies()
#12 C:/xampppp/htdocs/Nelson/xd/PI-Nelson/vendor/laravel/framework/src/Illuminate/Container/Container.php(933): Illuminate/Container/Container->build()
#13 C:/xampppp/htdocs/Nelson/xd/PI-Nelson/vendor/laravel/framework/src/Illuminate/Foundation/Application.php(1078): Illuminate/Container/Container->resolve()
#14 C:/xampppp/htdocs/Nelson/xd/PI-Nelson/vendor/laravel/framework/src/Illuminate/Container/Container.php(864): Illuminate/Foundation/Application->resolve()
#15 C:/xampppp/htdocs/Nelson/xd/PI-Nelson/vendor/laravel/framework/src/Illuminate/Foundation/Application.php(1058): Illuminate/Container/Container->make()
#16 C:/xampppp/htdocs/Nelson/xd/PI-Nelson/vendor/laravel/framework/src/Illuminate/Foundation/Http/Kernel.php(257): Illuminate/Foundation/Application->make()
#17 C:/xampppp/htdocs/Nelson/xd/PI-Nelson/vendor/laravel/framework/src/Illuminate/Foundation/Http/Kernel.php(215): Illuminate/Foundation/Http/Kernel->terminateMiddleware()
#18 C:/xampppp/htdocs/Nelson/xd/PI-Nelson/vendor/laravel/framework/src/Illuminate/Foundation/Application.php(1222): Illuminate/Foundation/Http/Kernel->terminate()
#19 C:/xampppp/htdocs/Nelson/xd/PI-Nelson/public/index.php(20): Illuminate/Foundation/Application->handleRequest()
#20 C:/xampppp/htdocs/Nelson/xd/PI-Nelson/vendor/laravel/framework/src/Illuminate/Foundation/resources/server.php(23): require_once('...')
#21 {main}
"} 
[2026-03-26 03:57:00] production.ERROR: No application encryption key has been specified. {"exception":"[object] (Illuminate\\Encryption\\MissingAppKeyException(code: 0): No application encryption key has been specified. at C:/xampppp/htdocs/Nelson/xd/PI-Nelson/vendor/laravel/framework/src/Illuminate/Encryption/EncryptionServiceProvider.php:83)
[stacktrace]
#0 C:/xampppp/htdocs/Nelson/xd/PI-Nelson/vendor/laravel/framework/src/Illuminate/Support/helpers.php(388): Illuminate/Encryption/EncryptionServiceProvider->{closure:Illuminate/Encryption/EncryptionServiceProvider::key():81}()
#1 C:/xampppp/htdocs/Nelson/xd/PI-Nelson/vendor/laravel/framework/src/Illuminate/Encryption/EncryptionServiceProvider.php(81): tap()
#2 C:/xampppp/htdocs/Nelson/xd/PI-Nelson/vendor/laravel/framework/src/Illuminate/Encryption/EncryptionServiceProvider.php(64): Illuminate/Encryption/EncryptionServiceProvider->key()
#3 C:/xampppp/htdocs/Nelson/xd/PI-Nelson/vendor/laravel/framework/src/Illuminate/Encryption/EncryptionServiceProvider.php(32): Illuminate/Encryption/EncryptionServiceProvider->parseKey()
#4 C:/xampppp/htdocs/Nelson/xd/PI-Nelson/vendor/laravel/framework/src/Illuminate/Container/Container.php(1115): Illuminate/Encryption/EncryptionServiceProvider->{closure:Illuminate/Encryption/EncryptionServiceProvider::registerEncrypter():29}()
#5 C:/xampppp/htdocs/Nelson/xd/PI-Nelson/vendor/laravel/framework/src/Illuminate/Container/Container.php(933): Illuminate/Container/Container->build()
#6 C:/xampppp/htdocs/Nelson/xd/PI-Nelson/vendor/laravel/framework/src/Illuminate/Foundation/Application.php(1078): Illuminate/Container/Container->resolve()
#7 C:/xampppp/htdocs/Nelson/xd/PI-Nelson/vendor/laravel/framework/src/Illuminate/Container/Container.php(864): Illuminate/Foundation/Application->resolve()
#8 C:/xampppp/htdocs/Nelson/xd/PI-Nelson/vendor/laravel/framework/src/Illuminate/Foundation/Application.php(1058): Illuminate/Container/Container->make()
#9 C:/xampppp/htdocs/Nelson/xd/PI-Nelson/vendor/laravel/framework/src/Illuminate/Container/Container.php(1336): Illuminate/Foundation/Application->make()
#10 C:/xampppp/htdocs/Nelson/xd/PI-Nelson/vendor/laravel/framework/src/Illuminate/Container/Container.php(1237): Illuminate/Container/Container->resolveClass()
#11 C:/xampppp/htdocs/Nelson/xd/PI-Nelson/vendor/laravel/framework/src/Illuminate/Container/Container.php(1162): Illuminate/Container/Container->resolveDependencies()
#12 C:/xampppp/htdocs/Nelson/xd/PI-Nelson/vendor/laravel/framework/src/Illuminate/Container/Container.php(933): Illuminate/Container/Container->build()
#13 C:/xampppp/htdocs/Nelson/xd/PI-Nelson/vendor/laravel/framework/src/Illuminate/Foundation/Application.php(1078): Illuminate/Container/Container->resolve()
#14 C:/xampppp/htdocs/Nelson/xd/PI-Nelson/vendor/laravel/framework/src/Illuminate/Container/Container.php(864): Illuminate/Foundation/Application->resolve()
#15 C:/xampppp/htdocs/Nelson/xd/PI-Nelson/vendor/laravel/framework/src/Illuminate/Foundation/Application.php(1058): Illuminate/Container/Container->make()
#16 C:/xampppp/htdocs/Nelson/xd/PI-Nelson/vendor/laravel/framework/src/Illuminate/Pipeline/Pipeline.php(208): Illuminate/Foundation/Application->make()
#17 C:/xampppp/htdocs/Nelson/xd/PI-Nelson/vendor/laravel/framework/src/Illuminate/Pipeline/Pipeline.php(137): Illuminate/Pipeline/Pipeline->{closure:{closure:Illuminate/Pipeline/Pipeline::carry():194}:195}()
#18 C:/xampppp/htdocs/Nelson/xd/PI-Nelson/vendor/laravel/framework/src/Illuminate/Routing/Router.php(821): Illuminate/Pipeline/Pipeline->then()
#19 C:/xampppp/htdocs/Nelson/xd/PI-Nelson/vendor/laravel/framework/src/Illuminate/Routing/Router.php(800): Illuminate/Routing/Router->runRouteWithinStack()
#20 C:/xampppp/htdocs/Nelson/xd/PI-Nelson/vendor/laravel/framework/src/Illuminate/Routing/Router.php(764): Illuminate/Routing/Router->runRoute()
#21 C:/xampppp/htdocs/Nelson/xd/PI-Nelson/vendor/laravel/framework/src/Illuminate/Routing/Router.php(753): Illuminate/Routing/Router->dispatchToRoute()
#22 C:/xampppp/htdocs/Nelson/xd/PI-Nelson/vendor/laravel/framework/src/Illuminate/Foundation/Http/Kernel.php(200): Illuminate/Routing/Router->dispatch()
#23 C:/xampppp/htdocs/Nelson/xd/PI-Nelson/vendor/laravel/framework/src/Illuminate/Pipeline/Pipeline.php(180): Illuminate/Foundation/Http/Kernel->{closure:Illuminate/Foundation/Http/Kernel::dispatchToRouter():197}()
#24 C:/xampppp/htdocs/Nelson/xd/PI-Nelson/vendor/laravel/framework/src/Illuminate/Foundation/Http/Middleware/TransformsRequest.php(21): Illuminate/Pipeline/Pipeline->{closure:Illuminate/Pipeline/Pipeline::prepareDestination():178}()
#25 C:/xampppp/htdocs/Nelson/xd/PI-Nelson/vendor/laravel/framework/src/Illuminate/Foundation/Http/Middleware/ConvertEmptyStringsToNull.php(31): Illuminate/Foundation/Http/Middleware/TransformsRequest->handle()
#26 C:/xampppp/htdocs/Nelson/xd/PI-Nelson/vendor/laravel/framework/src/Illuminate/Pipeline/Pipeline.php(219): Illuminate/Foundation/Http/Middleware/ConvertEmptyStringsToNull->handle()
#27 C:/xampppp/htdocs/Nelson/xd/PI-Nelson/vendor/laravel/framework/src/Illuminate/Foundation/Http/Middleware/TransformsRequest.php(21): Illuminate/Pipeline/Pipeline->{closure:{closure:Illuminate/Pipeline/Pipeline::carry():194}:195}()
#28 C:/xampppp/htdocs/Nelson/xd/PI-Nelson/vendor/laravel/framework/src/Illuminate/Foundation/Http/Middleware/TrimStrings.php(51): Illuminate/Foundation/Http/Middleware/TransformsRequest->handle()
#29 C:/xampppp/htdocs/Nelson/xd/PI-Nelson/vendor/laravel/framework/src/Illuminate/Pipeline/Pipeline.php(219): Illuminate/Foundation/Http/Middleware/TrimStrings->handle()
#30 C:/xampppp/htdocs/Nelson/xd/PI-Nelson/vendor/laravel/framework/src/Illuminate/Http/Middleware/ValidatePostSize.php(27): Illuminate/Pipeline/Pipeline->{closure:{closure:Illuminate/Pipeline/Pipeline::carry():194}:195}()
#31 C:/xampppp/htdocs/Nelson/xd/PI-Nelson/vendor/laravel/framework/src/Illuminate/Pipeline/Pipeline.php(219): Illuminate/Http/Middleware/ValidatePostSize->handle()
#32 C:/xampppp/htdocs/Nelson/xd/PI-Nelson/vendor/laravel/framework/src/Illuminate/Foundation/Http/Middleware/PreventRequestsDuringMaintenance.php(109): Illuminate/Pipeline/Pipeline->{closure:{closure:Illuminate/Pipeline/Pipeline::carry():194}:195}()
#33 C:/xampppp/htdocs/Nelson/xd/PI-Nelson/vendor/laravel/framework/src/Illuminate/Pipeline/Pipeline.php(219): Illuminate/Foundation/Http/Middleware/PreventRequestsDuringMaintenance->handle()
#34 C:/xampppp/htdocs/Nelson/xd/PI-Nelson/vendor/laravel/framework/src/Illuminate/Http/Middleware/HandleCors.php(61): Illuminate/Pipeline/Pipeline->{closure:{closure:Illuminate/Pipeline/Pipeline::carry():194}:195}()
#35 C:/xampppp/htdocs/Nelson/xd/PI-Nelson/vendor/laravel/framework/src/Illuminate/Pipeline/Pipeline.php(219): Illuminate/Http/Middleware/HandleCors->handle()
#36 C:/xampppp/htdocs/Nelson/xd/PI-Nelson/vendor/laravel/framework/src/Illuminate/Http/Middleware/TrustProxies.php(58): Illuminate/Pipeline/Pipeline->{closure:{closure:Illuminate/Pipeline/Pipeline::carry():194}:195}()
#37 C:/xampppp/htdocs/Nelson/xd/PI-Nelson/vendor/laravel/framework/src/Illuminate/Pipeline/Pipeline.php(219): Illuminate/Http/Middleware/TrustProxies->handle()
#38 C:/xampppp/htdocs/Nelson/xd/PI-Nelson/vendor/laravel/framework/src/Illuminate/Foundation/Http/Middleware/InvokeDeferredCallbacks.php(22): Illuminate/Pipeline/Pipeline->{closure:{closure:Illuminate/Pipeline/Pipeline::carry():194}:195}()
#39 C:/xampppp/htdocs/Nelson/xd/PI-Nelson/vendor/laravel/framework/src/Illuminate/Pipeline/Pipeline.php(219): Illuminate/Foundation/Http/Middleware/InvokeDeferredCallbacks->handle()
#40 C:/xampppp/htdocs/Nelson/xd/PI-Nelson/vendor/laravel/framework/src/Illuminate/Http/Middleware/ValidatePathEncoding.php(26): Illuminate/Pipeline/Pipeline->{closure:{closure:Illuminate/Pipeline/Pipeline::carry():194}:195}()
#41 C:/xampppp/htdocs/Nelson/xd/PI-Nelson/vendor/laravel/framework/src/Illuminate/Pipeline/Pipeline.php(219): Illuminate/Http/Middleware/ValidatePathEncoding->handle()
#42 C:/xampppp/htdocs/Nelson/xd/PI-Nelson/vendor/laravel/framework/src/Illuminate/Pipeline/Pipeline.php(137): Illuminate/Pipeline/Pipeline->{closure:{closure:Illuminate/Pipeline/Pipeline::carry():194}:195}()
#43 C:/xampppp/htdocs/Nelson/xd/PI-Nelson/vendor/laravel/framework/src/Illuminate/Foundation/Http/Kernel.php(175): Illuminate/Pipeline/Pipeline->then()
#44 C:/xampppp/htdocs/Nelson/xd/PI-Nelson/vendor/laravel/framework/src/Illuminate/Foundation/Http/Kernel.php(144): Illuminate/Foundation/Http/Kernel->sendRequestThroughRouter()
#45 C:/xampppp/htdocs/Nelson/xd/PI-Nelson/vendor/laravel/framework/src/Illuminate/Foundation/Application.php(1220): Illuminate/Foundation/Http/Kernel->handle()
#46 C:/xampppp/htdocs/Nelson/xd/PI-Nelson/public/index.php(20): Illuminate/Foundation/Application->handleRequest()
#47 C:/xampppp/htdocs/Nelson/xd/PI-Nelson/vendor/laravel/framework/src/Illuminate/Foundation/resources/server.php(23): require_once('...')
#48 {main}
"} 
[2026-03-26 03:57:00] production.ERROR: No application encryption key has been specified. {"exception":"[object] (Illuminate\\Encryption\\MissingAppKeyException(code: 0): No application encryption key has been specified. at C:/xampppp/htdocs/Nelson/xd/PI-Nelson/vendor/laravel/framework/src/Illuminate/Encryption/EncryptionServiceProvider.php:83)
[stacktrace]
#0 C:/xampppp/htdocs/Nelson/xd/PI-Nelson/vendor/laravel/framework/src/Illuminate/Support/helpers.php(388): Illuminate/Encryption/EncryptionServiceProvider->{closure:Illuminate/Encryption/EncryptionServiceProvider::key():81}()
#1 C:/xampppp/htdocs/Nelson/xd/PI-Nelson/vendor/laravel/framework/src/Illuminate/Encryption/EncryptionServiceProvider.php(81): tap()
#2 C:/xampppp/htdocs/Nelson/xd/PI-Nelson/vendor/laravel/framework/src/Illuminate/Encryption/EncryptionServiceProvider.php(64): Illuminate/Encryption/EncryptionServiceProvider->key()
#3 C:/xampppp/htdocs/Nelson/xd/PI-Nelson/vendor/laravel/framework/src/Illuminate/Encryption/EncryptionServiceProvider.php(32): Illuminate/Encryption/EncryptionServiceProvider->parseKey()
#4 C:/xampppp/htdocs/Nelson/xd/PI-Nelson/vendor/laravel/framework/src/Illuminate/Container/Container.php(1115): Illuminate/Encryption/EncryptionServiceProvider->{closure:Illuminate/Encryption/EncryptionServiceProvider::registerEncrypter():29}()
#5 C:/xampppp/htdocs/Nelson/xd/PI-Nelson/vendor/laravel/framework/src/Illuminate/Container/Container.php(933): Illuminate/Container/Container->build()
#6 C:/xampppp/htdocs/Nelson/xd/PI-Nelson/vendor/laravel/framework/src/Illuminate/Foundation/Application.php(1078): Illuminate/Container/Container->resolve()
#7 C:/xampppp/htdocs/Nelson/xd/PI-Nelson/vendor/laravel/framework/src/Illuminate/Container/Container.php(864): Illuminate/Foundation/Application->resolve()
#8 C:/xampppp/htdocs/Nelson/xd/PI-Nelson/vendor/laravel/framework/src/Illuminate/Foundation/Application.php(1058): Illuminate/Container/Container->make()
#9 C:/xampppp/htdocs/Nelson/xd/PI-Nelson/vendor/laravel/framework/src/Illuminate/Container/Container.php(1336): Illuminate/Foundation/Application->make()
#10 C:/xampppp/htdocs/Nelson/xd/PI-Nelson/vendor/laravel/framework/src/Illuminate/Container/Container.php(1237): Illuminate/Container/Container->resolveClass()
#11 C:/xampppp/htdocs/Nelson/xd/PI-Nelson/vendor/laravel/framework/src/Illuminate/Container/Container.php(1162): Illuminate/Container/Container->resolveDependencies()
#12 C:/xampppp/htdocs/Nelson/xd/PI-Nelson/vendor/laravel/framework/src/Illuminate/Container/Container.php(933): Illuminate/Container/Container->build()
#13 C:/xampppp/htdocs/Nelson/xd/PI-Nelson/vendor/laravel/framework/src/Illuminate/Foundation/Application.php(1078): Illuminate/Container/Container->resolve()
#14 C:/xampppp/htdocs/Nelson/xd/PI-Nelson/vendor/laravel/framework/src/Illuminate/Container/Container.php(864): Illuminate/Foundation/Application->resolve()
#15 C:/xampppp/htdocs/Nelson/xd/PI-Nelson/vendor/laravel/framework/src/Illuminate/Foundation/Application.php(1058): Illuminate/Container/Container->make()
#16 C:/xampppp/htdocs/Nelson/xd/PI-Nelson/vendor/laravel/framework/src/Illuminate/Foundation/Http/Kernel.php(257): Illuminate/Foundation/Application->make()
#17 C:/xampppp/htdocs/Nelson/xd/PI-Nelson/vendor/laravel/framework/src/Illuminate/Foundation/Http/Kernel.php(215): Illuminate/Foundation/Http/Kernel->terminateMiddleware()
#18 C:/xampppp/htdocs/Nelson/xd/PI-Nelson/vendor/laravel/framework/src/Illuminate/Foundation/Application.php(1222): Illuminate/Foundation/Http/Kernel->terminate()
#19 C:/xampppp/htdocs/Nelson/xd/PI-Nelson/public/index.php(20): Illuminate/Foundation/Application->handleRequest()
#20 C:/xampppp/htdocs/Nelson/xd/PI-Nelson/vendor/laravel/framework/src/Illuminate/Foundation/resources/server.php(23): require_once('...')
#21 {main}
"} 
[2026-03-26 03:59:17] local.ERROR: Database file at path [C:\xampppp\htdocs\Nelson\xd\PI-Nelson\database\database.sqlite] does not exist. Ensure this is an absolute path to the database. (Connection: sqlite, Database: C:\xampppp\htdocs\Nelson\xd\PI-Nelson\database\database.sqlite, SQL: select * from "sessions" where "id" = 6Bz7bwelLa647dnhs47UTcmvL7V9tPtlg8WKgFyQ limit 1) {"exception":"[object] (Illuminate\\Database\\QueryException(code: 0): Database file at path [C:\\xampppp\\htdocs\\Nelson\\xd\\PI-Nelson\\database\\database.sqlite] does not exist. Ensure this is an absolute path to the database. (Connection: sqlite, Database: C:\\xampppp\\htdocs\\Nelson\\xd\\PI-Nelson\\database\\database.sqlite, SQL: select * from \"sessions\" where \"id\" = 6Bz7bwelLa647dnhs47UTcmvL7V9tPtlg8WKgFyQ limit 1) at C:/xampppp/htdocs/Nelson/xd/PI-Nelson/vendor/laravel/framework/src/Illuminate/Database/Connection.php:838)
[stacktrace]
#0 C:/xampppp/htdocs/Nelson/xd/PI-Nelson/vendor/laravel/framework/src/Illuminate/Database/Connection.php(794): Illuminate/Database/Connection->runQueryCallback()
#1 C:/xampppp/htdocs/Nelson/xd/PI-Nelson/vendor/laravel/framework/src/Illuminate/Database/Connection.php(411): Illuminate/Database/Connection->run()
#2 C:/xampppp/htdocs/Nelson/xd/PI-Nelson/vendor/laravel/framework/src/Illuminate/Database/Query/Builder.php(3475): Illuminate/Database/Connection->select()
#3 C:/xampppp/htdocs/Nelson/xd/PI-Nelson/vendor/laravel/framework/src/Illuminate/Database/Query/Builder.php(3460): Illuminate/Database/Query/Builder->runSelect()
#4 C:/xampppp/htdocs/Nelson/xd/PI-Nelson/vendor/laravel/framework/src/Illuminate/Database/Query/Builder.php(4050): Illuminate/Database/Query/Builder->{closure:Illuminate/Database/Query/Builder::get():3459}()
#5 C:/xampppp/htdocs/Nelson/xd/PI-Nelson/vendor/laravel/framework/src/Illuminate/Database/Query/Builder.php(3459): Illuminate/Database/Query/Builder->onceWithColumns()
#6 C:/xampppp/htdocs/Nelson/xd/PI-Nelson/vendor/laravel/framework/src/Illuminate/Database/Concerns/BuildsQueries.php(366): Illuminate/Database/Query/Builder->get()
#7 C:/xampppp/htdocs/Nelson/xd/PI-Nelson/vendor/laravel/framework/src/Illuminate/Database/Query/Builder.php(3382): Illuminate/Database/Query/Builder->first()
#8 C:/xampppp/htdocs/Nelson/xd/PI-Nelson/vendor/laravel/framework/src/Illuminate/Session/DatabaseSessionHandler.php(96): Illuminate/Database/Query/Builder->find()
#9 C:/xampppp/htdocs/Nelson/xd/PI-Nelson/vendor/laravel/framework/src/Illuminate/Session/Store.php(128): Illuminate/Session/DatabaseSessionHandler->read()
#10 C:/xampppp/htdocs/Nelson/xd/PI-Nelson/vendor/laravel/framework/src/Illuminate/Session/Store.php(116): Illuminate/Session/Store->readFromHandler()
#11 C:/xampppp/htdocs/Nelson/xd/PI-Nelson/vendor/laravel/framework/src/Illuminate/Session/Store.php(100): Illuminate/Session/Store->loadSession()
#12 C:/xampppp/htdocs/Nelson/xd/PI-Nelson/vendor/laravel/framework/src/Illuminate/Session/Middleware/StartSession.php(146): Illuminate/Session/Store->start()
#13 C:/xampppp/htdocs/Nelson/xd/PI-Nelson/vendor/laravel/framework/src/Illuminate/Support/helpers.php(388): Illuminate/Session/Middleware/StartSession->{closure:Illuminate/Session/Middleware/StartSession::startSession():143}()
#14 C:/xampppp/htdocs/Nelson/xd/PI-Nelson/vendor/laravel/framework/src/Illuminate/Session/Middleware/StartSession.php(143): tap()
#15 C:/xampppp/htdocs/Nelson/xd/PI-Nelson/vendor/laravel/framework/src/Illuminate/Session/Middleware/StartSession.php(115): Illuminate/Session/Middleware/StartSession->startSession()
#16 C:/xampppp/htdocs/Nelson/xd/PI-Nelson/vendor/laravel/framework/src/Illuminate/Session/Middleware/StartSession.php(63): Illuminate/Session/Middleware/StartSession->handleStatefulRequest()
#17 C:/xampppp/htdocs/Nelson/xd/PI-Nelson/vendor/laravel/framework/src/Illuminate/Pipeline/Pipeline.php(219): Illuminate/Session/Middleware/StartSession->handle()
#18 C:/xampppp/htdocs/Nelson/xd/PI-Nelson/vendor/laravel/framework/src/Illuminate/Cookie/Middleware/AddQueuedCookiesToResponse.php(36): Illuminate/Pipeline/Pipeline->{closure:{closure:Illuminate/Pipeline/Pipeline::carry():194}:195}()
#19 C:/xampppp/htdocs/Nelson/xd/PI-Nelson/vendor/laravel/framework/src/Illuminate/Pipeline/Pipeline.php(219): Illuminate/Cookie/Middleware/AddQueuedCookiesToResponse->handle()
#20 C:/xampppp/htdocs/Nelson/xd/PI-Nelson/vendor/laravel/framework/src/Illuminate/Cookie/Middleware/EncryptCookies.php(74): Illuminate/Pipeline/Pipeline->{closure:{closure:Illuminate/Pipeline/Pipeline::carry():194}:195}()
#21 C:/xampppp/htdocs/Nelson/xd/PI-Nelson/vendor/laravel/framework/src/Illuminate/Pipeline/Pipeline.php(219): Illuminate/Cookie/Middleware/EncryptCookies->handle()
#22 C:/xampppp/htdocs/Nelson/xd/PI-Nelson/vendor/laravel/framework/src/Illuminate/Pipeline/Pipeline.php(137): Illuminate/Pipeline/Pipeline->{closure:{closure:Illuminate/Pipeline/Pipeline::carry():194}:195}()
#23 C:/xampppp/htdocs/Nelson/xd/PI-Nelson/vendor/laravel/framework/src/Illuminate/Routing/Router.php(821): Illuminate/Pipeline/Pipeline->then()
#24 C:/xampppp/htdocs/Nelson/xd/PI-Nelson/vendor/laravel/framework/src/Illuminate/Routing/Router.php(800): Illuminate/Routing/Router->runRouteWithinStack()
#25 C:/xampppp/htdocs/Nelson/xd/PI-Nelson/vendor/laravel/framework/src/Illuminate/Routing/Router.php(764): Illuminate/Routing/Router->runRoute()
#26 C:/xampppp/htdocs/Nelson/xd/PI-Nelson/vendor/laravel/framework/src/Illuminate/Routing/Router.php(753): Illuminate/Routing/Router->dispatchToRoute()
#27 C:/xampppp/htdocs/Nelson/xd/PI-Nelson/vendor/laravel/framework/src/Illuminate/Foundation/Http/Kernel.php(200): Illuminate/Routing/Router->dispatch()
#28 C:/xampppp/htdocs/Nelson/xd/PI-Nelson/vendor/laravel/framework/src/Illuminate/Pipeline/Pipeline.php(180): Illuminate/Foundation/Http/Kernel->{closure:Illuminate/Foundation/Http/Kernel::dispatchToRouter():197}()
#29 C:/xampppp/htdocs/Nelson/xd/PI-Nelson/vendor/laravel/framework/src/Illuminate/Foundation/Http/Middleware/TransformsRequest.php(21): Illuminate/Pipeline/Pipeline->{closure:Illuminate/Pipeline/Pipeline::prepareDestination():178}()
#30 C:/xampppp/htdocs/Nelson/xd/PI-Nelson/vendor/laravel/framework/src/Illuminate/Foundation/Http/Middleware/ConvertEmptyStringsToNull.php(31): Illuminate/Foundation/Http/Middleware/TransformsRequest->handle()
#31 C:/xampppp/htdocs/Nelson/xd/PI-Nelson/vendor/laravel/framework/src/Illuminate/Pipeline/Pipeline.php(219): Illuminate/Foundation/Http/Middleware/ConvertEmptyStringsToNull->handle()
#32 C:/xampppp/htdocs/Nelson/xd/PI-Nelson/vendor/laravel/framework/src/Illuminate/Foundation/Http/Middleware/TransformsRequest.php(21): Illuminate/Pipeline/Pipeline->{closure:{closure:Illuminate/Pipeline/Pipeline::carry():194}:195}()
#33 C:/xampppp/htdocs/Nelson/xd/PI-Nelson/vendor/laravel/framework/src/Illuminate/Foundation/Http/Middleware/TrimStrings.php(51): Illuminate/Foundation/Http/Middleware/TransformsRequest->handle()
#34 C:/xampppp/htdocs/Nelson/xd/PI-Nelson/vendor/laravel/framework/src/Illuminate/Pipeline/Pipeline.php(219): Illuminate/Foundation/Http/Middleware/TrimStrings->handle()
#35 C:/xampppp/htdocs/Nelson/xd/PI-Nelson/vendor/laravel/framework/src/Illuminate/Http/Middleware/ValidatePostSize.php(27): Illuminate/Pipeline/Pipeline->{closure:{closure:Illuminate/Pipeline/Pipeline::carry():194}:195}()
#36 C:/xampppp/htdocs/Nelson/xd/PI-Nelson/vendor/laravel/framework/src/Illuminate/Pipeline/Pipeline.php(219): Illuminate/Http/Middleware/ValidatePostSize->handle()
#37 C:/xampppp/htdocs/Nelson/xd/PI-Nelson/vendor/laravel/framework/src/Illuminate/Foundation/Http/Middleware/PreventRequestsDuringMaintenance.php(109): Illuminate/Pipeline/Pipeline->{closure:{closure:Illuminate/Pipeline/Pipeline::carry():194}:195}()
#38 C:/xampppp/htdocs/Nelson/xd/PI-Nelson/vendor/laravel/framework/src/Illuminate/Pipeline/Pipeline.php(219): Illuminate/Foundation/Http/Middleware/PreventRequestsDuringMaintenance->handle()
#39 C:/xampppp/htdocs/Nelson/xd/PI-Nelson/vendor/laravel/framework/src/Illuminate/Http/Middleware/HandleCors.php(61): Illuminate/Pipeline/Pipeline->{closure:{closure:Illuminate/Pipeline/Pipeline::carry():194}:195}()
#40 C:/xampppp/htdocs/Nelson/xd/PI-Nelson/vendor/laravel/framework/src/Illuminate/Pipeline/Pipeline.php(219): Illuminate/Http/Middleware/HandleCors->handle()
#41 C:/xampppp/htdocs/Nelson/xd/PI-Nelson/vendor/laravel/framework/src/Illuminate/Http/Middleware/TrustProxies.php(58): Illuminate/Pipeline/Pipeline->{closure:{closure:Illuminate/Pipeline/Pipeline::carry():194}:195}()
#42 C:/xampppp/htdocs/Nelson/xd/PI-Nelson/vendor/laravel/framework/src/Illuminate/Pipeline/Pipeline.php(219): Illuminate/Http/Middleware/TrustProxies->handle()
#43 C:/xampppp/htdocs/Nelson/xd/PI-Nelson/vendor/laravel/framework/src/Illuminate/Foundation/Http/Middleware/InvokeDeferredCallbacks.php(22): Illuminate/Pipeline/Pipeline->{closure:{closure:Illuminate/Pipeline/Pipeline::carry():194}:195}()
#44 C:/xampppp/htdocs/Nelson/xd/PI-Nelson/vendor/laravel/framework/src/Illuminate/Pipeline/Pipeline.php(219): Illuminate/Foundation/Http/Middleware/InvokeDeferredCallbacks->handle()
#45 C:/xampppp/htdocs/Nelson/xd/PI-Nelson/vendor/laravel/framework/src/Illuminate/Http/Middleware/ValidatePathEncoding.php(26): Illuminate/Pipeline/Pipeline->{closure:{closure:Illuminate/Pipeline/Pipeline::carry():194}:195}()
#46 C:/xampppp/htdocs/Nelson/xd/PI-Nelson/vendor/laravel/framework/src/Illuminate/Pipeline/Pipeline.php(219): Illuminate/Http/Middleware/ValidatePathEncoding->handle()
#47 C:/xampppp/htdocs/Nelson/xd/PI-Nelson/vendor/laravel/framework/src/Illuminate/Pipeline/Pipeline.php(137): Illuminate/Pipeline/Pipeline->{closure:{closure:Illuminate/Pipeline/Pipeline::carry():194}:195}()
#48 C:/xampppp/htdocs/Nelson/xd/PI-Nelson/vendor/laravel/framework/src/Illuminate/Foundation/Http/Kernel.php(175): Illuminate/Pipeline/Pipeline->then()
#49 C:/xampppp/htdocs/Nelson/xd/PI-Nelson/vendor/laravel/framework/src/Illuminate/Foundation/Http/Kernel.php(144): Illuminate/Foundation/Http/Kernel->sendRequestThroughRouter()
#50 C:/xampppp/htdocs/Nelson/xd/PI-Nelson/vendor/laravel/framework/src/Illuminate/Foundation/Application.php(1220): Illuminate/Foundation/Http/Kernel->handle()
#51 C:/xampppp/htdocs/Nelson/xd/PI-Nelson/public/index.php(20): Illuminate/Foundation/Application->handleRequest()
#52 C:/xampppp/htdocs/Nelson/xd/PI-Nelson/vendor/laravel/framework/src/Illuminate/Foundation/resources/server.php(23): require_once('...')
#53 {main}

[previous exception] [object] (Illuminate\\Database\\SQLiteDatabaseDoesNotExistException(code: 0): Database file at path [C:\\xampppp\\htdocs\\Nelson\\xd\\PI-Nelson\\database\\database.sqlite] does not exist. Ensure this is an absolute path to the database. at C:/xampppp/htdocs/Nelson/xd/PI-Nelson/vendor/laravel/framework/src/Illuminate/Database/Connectors/SQLiteConnector.php:60)
[stacktrace]
#0 C:/xampppp/htdocs/Nelson/xd/PI-Nelson/vendor/laravel/framework/src/Illuminate/Database/Connectors/SQLiteConnector.php(19): Illuminate/Database/Connectors/SQLiteConnector->parseDatabasePath()
#1 C:/xampppp/htdocs/Nelson/xd/PI-Nelson/vendor/laravel/framework/src/Illuminate/Database/Connectors/ConnectionFactory.php(225): Illuminate/Database/Connectors/SQLiteConnector->connect()
#2 [internal function]: Illuminate/Database/Connectors/ConnectionFactory->{closure:Illuminate/Database/Connectors/ConnectionFactory::createPdoResolverWithoutHosts():225}()
#3 C:/xampppp/htdocs/Nelson/xd/PI-Nelson/vendor/laravel/framework/src/Illuminate/Database/Connection.php(1257): call_user_func()
#4 C:/xampppp/htdocs/Nelson/xd/PI-Nelson/vendor/laravel/framework/src/Illuminate/Database/Connection.php(525): Illuminate/Database/Connection->getPdo()
#5 C:/xampppp/htdocs/Nelson/xd/PI-Nelson/vendor/laravel/framework/src/Illuminate/Database/Connection.php(420): Illuminate/Database/Connection->getPdoForSelect()
#6 C:/xampppp/htdocs/Nelson/xd/PI-Nelson/vendor/laravel/framework/src/Illuminate/Database/Connection.php(827): Illuminate/Database/Connection->{closure:Illuminate/Database/Connection::select():411}()
#7 C:/xampppp/htdocs/Nelson/xd/PI-Nelson/vendor/laravel/framework/src/Illuminate/Database/Connection.php(794): Illuminate/Database/Connection->runQueryCallback()
#8 C:/xampppp/htdocs/Nelson/xd/PI-Nelson/vendor/laravel/framework/src/Illuminate/Database/Connection.php(411): Illuminate/Database/Connection->run()
#9 C:/xampppp/htdocs/Nelson/xd/PI-Nelson/vendor/laravel/framework/src/Illuminate/Database/Query/Builder.php(3475): Illuminate/Database/Connection->select()
#10 C:/xampppp/htdocs/Nelson/xd/PI-Nelson/vendor/laravel/framework/src/Illuminate/Database/Query/Builder.php(3460): Illuminate/Database/Query/Builder->runSelect()
#11 C:/xampppp/htdocs/Nelson/xd/PI-Nelson/vendor/laravel/framework/src/Illuminate/Database/Query/Builder.php(4050): Illuminate/Database/Query/Builder->{closure:Illuminate/Database/Query/Builder::get():3459}()
#12 C:/xampppp/htdocs/Nelson/xd/PI-Nelson/vendor/laravel/framework/src/Illuminate/Database/Query/Builder.php(3459): Illuminate/Database/Query/Builder->onceWithColumns()
#13 C:/xampppp/htdocs/Nelson/xd/PI-Nelson/vendor/laravel/framework/src/Illuminate/Database/Concerns/BuildsQueries.php(366): Illuminate/Database/Query/Builder->get()
#14 C:/xampppp/htdocs/Nelson/xd/PI-Nelson/vendor/laravel/framework/src/Illuminate/Database/Query/Builder.php(3382): Illuminate/Database/Query/Builder->first()
#15 C:/xampppp/htdocs/Nelson/xd/PI-Nelson/vendor/laravel/framework/src/Illuminate/Session/DatabaseSessionHandler.php(96): Illuminate/Database/Query/Builder->find()
#16 C:/xampppp/htdocs/Nelson/xd/PI-Nelson/vendor/laravel/framework/src/Illuminate/Session/Store.php(128): Illuminate/Session/DatabaseSessionHandler->read()
#17 C:/xampppp/htdocs/Nelson/xd/PI-Nelson/vendor/laravel/framework/src/Illuminate/Session/Store.php(116): Illuminate/Session/Store->readFromHandler()
#18 C:/xampppp/htdocs/Nelson/xd/PI-Nelson/vendor/laravel/framework/src/Illuminate/Session/Store.php(100): Illuminate/Session/Store->loadSession()
#19 C:/xampppp/htdocs/Nelson/xd/PI-Nelson/vendor/laravel/framework/src/Illuminate/Session/Middleware/StartSession.php(146): Illuminate/Session/Store->start()
#20 C:/xampppp/htdocs/Nelson/xd/PI-Nelson/vendor/laravel/framework/src/Illuminate/Support/helpers.php(388): Illuminate/Session/Middleware/StartSession->{closure:Illuminate/Session/Middleware/StartSession::startSession():143}()
#21 C:/xampppp/htdocs/Nelson/xd/PI-Nelson/vendor/laravel/framework/src/Illuminate/Session/Middleware/StartSession.php(143): tap()
#22 C:/xampppp/htdocs/Nelson/xd/PI-Nelson/vendor/laravel/framework/src/Illuminate/Session/Middleware/StartSession.php(115): Illuminate/Session/Middleware/StartSession->startSession()
#23 C:/xampppp/htdocs/Nelson/xd/PI-Nelson/vendor/laravel/framework/src/Illuminate/Session/Middleware/StartSession.php(63): Illuminate/Session/Middleware/StartSession->handleStatefulRequest()
#24 C:/xampppp/htdocs/Nelson/xd/PI-Nelson/vendor/laravel/framework/src/Illuminate/Pipeline/Pipeline.php(219): Illuminate/Session/Middleware/StartSession->handle()
#25 C:/xampppp/htdocs/Nelson/xd/PI-Nelson/vendor/laravel/framework/src/Illuminate/Cookie/Middleware/AddQueuedCookiesToResponse.php(36): Illuminate/Pipeline/Pipeline->{closure:{closure:Illuminate/Pipeline/Pipeline::carry():194}:195}()
#26 C:/xampppp/htdocs/Nelson/xd/PI-Nelson/vendor/laravel/framework/src/Illuminate/Pipeline/Pipeline.php(219): Illuminate/Cookie/Middleware/AddQueuedCookiesToResponse->handle()
#27 C:/xampppp/htdocs/Nelson/xd/PI-Nelson/vendor/laravel/framework/src/Illuminate/Cookie/Middleware/EncryptCookies.php(74): Illuminate/Pipeline/Pipeline->{closure:{closure:Illuminate/Pipeline/Pipeline::carry():194}:195}()
#28 C:/xampppp/htdocs/Nelson/xd/PI-Nelson/vendor/laravel/framework/src/Illuminate/Pipeline/Pipeline.php(219): Illuminate/Cookie/Middleware/EncryptCookies->handle()
#29 C:/xampppp/htdocs/Nelson/xd/PI-Nelson/vendor/laravel/framework/src/Illuminate/Pipeline/Pipeline.php(137): Illuminate/Pipeline/Pipeline->{closure:{closure:Illuminate/Pipeline/Pipeline::carry():194}:195}()
#30 C:/xampppp/htdocs/Nelson/xd/PI-Nelson/vendor/laravel/framework/src/Illuminate/Routing/Router.php(821): Illuminate/Pipeline/Pipeline->then()
#31 C:/xampppp/htdocs/Nelson/xd/PI-Nelson/vendor/laravel/framework/src/Illuminate/Routing/Router.php(800): Illuminate/Routing/Router->runRouteWithinStack()
#32 C:/xampppp/htdocs/Nelson/xd/PI-Nelson/vendor/laravel/framework/src/Illuminate/Routing/Router.php(764): Illuminate/Routing/Router->runRoute()
#33 C:/xampppp/htdocs/Nelson/xd/PI-Nelson/vendor/laravel/framework/src/Illuminate/Routing/Router.php(753): Illuminate/Routing/Router->dispatchToRoute()
#34 C:/xampppp/htdocs/Nelson/xd/PI-Nelson/vendor/laravel/framework/src/Illuminate/Foundation/Http/Kernel.php(200): Illuminate/Routing/Router->dispatch()
#35 C:/xampppp/htdocs/Nelson/xd/PI-Nelson/vendor/laravel/framework/src/Illuminate/Pipeline/Pipeline.php(180): Illuminate/Foundation/Http/Kernel->{closure:Illuminate/Foundation/Http/Kernel::dispatchToRouter():197}()
#36 C:/xampppp/htdocs/Nelson/xd/PI-Nelson/vendor/laravel/framework/src/Illuminate/Foundation/Http/Middleware/TransformsRequest.php(21): Illuminate/Pipeline/Pipeline->{closure:Illuminate/Pipeline/Pipeline::prepareDestination():178}()
#37 C:/xampppp/htdocs/Nelson/xd/PI-Nelson/vendor/laravel/framework/src/Illuminate/Foundation/Http/Middleware/ConvertEmptyStringsToNull.php(31): Illuminate/Foundation/Http/Middleware/TransformsRequest->handle()
#38 C:/xampppp/htdocs/Nelson/xd/PI-Nelson/vendor/laravel/framework/src/Illuminate/Pipeline/Pipeline.php(219): Illuminate/Foundation/Http/Middleware/ConvertEmptyStringsToNull->handle()
#39 C:/xampppp/htdocs/Nelson/xd/PI-Nelson/vendor/laravel/framework/src/Illuminate/Foundation/Http/Middleware/TransformsRequest.php(21): Illuminate/Pipeline/Pipeline->{closure:{closure:Illuminate/Pipeline/Pipeline::carry():194}:195}()
#40 C:/xampppp/htdocs/Nelson/xd/PI-Nelson/vendor/laravel/framework/src/Illuminate/Foundation/Http/Middleware/TrimStrings.php(51): Illuminate/Foundation/Http/Middleware/TransformsRequest->handle()
#41 C:/xampppp/htdocs/Nelson/xd/PI-Nelson/vendor/laravel/framework/src/Illuminate/Pipeline/Pipeline.php(219): Illuminate/Foundation/Http/Middleware/TrimStrings->handle()
#42 C:/xampppp/htdocs/Nelson/xd/PI-Nelson/vendor/laravel/framework/src/Illuminate/Http/Middleware/ValidatePostSize.php(27): Illuminate/Pipeline/Pipeline->{closure:{closure:Illuminate/Pipeline/Pipeline::carry():194}:195}()
#43 C:/xampppp/htdocs/Nelson/xd/PI-Nelson/vendor/laravel/framework/src/Illuminate/Pipeline/Pipeline.php(219): Illuminate/Http/Middleware/ValidatePostSize->handle()
#44 C:/xampppp/htdocs/Nelson/xd/PI-Nelson/vendor/laravel/framework/src/Illuminate/Foundation/Http/Middleware/PreventRequestsDuringMaintenance.php(109): Illuminate/Pipeline/Pipeline->{closure:{closure:Illuminate/Pipeline/Pipeline::carry():194}:195}()
#45 C:/xampppp/htdocs/Nelson/xd/PI-Nelson/vendor/laravel/framework/src/Illuminate/Pipeline/Pipeline.php(219): Illuminate/Foundation/Http/Middleware/PreventRequestsDuringMaintenance->handle()
#46 C:/xampppp/htdocs/Nelson/xd/PI-Nelson/vendor/laravel/framework/src/Illuminate/Http/Middleware/HandleCors.php(61): Illuminate/Pipeline/Pipeline->{closure:{closure:Illuminate/Pipeline/Pipeline::carry():194}:195}()
#47 C:/xampppp/htdocs/Nelson/xd/PI-Nelson/vendor/laravel/framework/src/Illuminate/Pipeline/Pipeline.php(219): Illuminate/Http/Middleware/HandleCors->handle()
#48 C:/xampppp/htdocs/Nelson/xd/PI-Nelson/vendor/laravel/framework/src/Illuminate/Http/Middleware/TrustProxies.php(58): Illuminate/Pipeline/Pipeline->{closure:{closure:Illuminate/Pipeline/Pipeline::carry():194}:195}()
#49 C:/xampppp/htdocs/Nelson/xd/PI-Nelson/vendor/laravel/framework/src/Illuminate/Pipeline/Pipeline.php(219): Illuminate/Http/Middleware/TrustProxies->handle()
#50 C:/xampppp/htdocs/Nelson/xd/PI-Nelson/vendor/laravel/framework/src/Illuminate/Foundation/Http/Middleware/InvokeDeferredCallbacks.php(22): Illuminate/Pipeline/Pipeline->{closure:{closure:Illuminate/Pipeline/Pipeline::carry():194}:195}()
#51 C:/xampppp/htdocs/Nelson/xd/PI-Nelson/vendor/laravel/framework/src/Illuminate/Pipeline/Pipeline.php(219): Illuminate/Foundation/Http/Middleware/InvokeDeferredCallbacks->handle()
#52 C:/xampppp/htdocs/Nelson/xd/PI-Nelson/vendor/laravel/framework/src/Illuminate/Http/Middleware/ValidatePathEncoding.php(26): Illuminate/Pipeline/Pipeline->{closure:{closure:Illuminate/Pipeline/Pipeline::carry():194}:195}()
#53 C:/xampppp/htdocs/Nelson/xd/PI-Nelson/vendor/laravel/framework/src/Illuminate/Pipeline/Pipeline.php(219): Illuminate/Http/Middleware/ValidatePathEncoding->handle()
#54 C:/xampppp/htdocs/Nelson/xd/PI-Nelson/vendor/laravel/framework/src/Illuminate/Pipeline/Pipeline.php(137): Illuminate/Pipeline/Pipeline->{closure:{closure:Illuminate/Pipeline/Pipeline::carry():194}:195}()
#55 C:/xampppp/htdocs/Nelson/xd/PI-Nelson/vendor/laravel/framework/src/Illuminate/Foundation/Http/Kernel.php(175): Illuminate/Pipeline/Pipeline->then()
#56 C:/xampppp/htdocs/Nelson/xd/PI-Nelson/vendor/laravel/framework/src/Illuminate/Foundation/Http/Kernel.php(144): Illuminate/Foundation/Http/Kernel->sendRequestThroughRouter()
#57 C:/xampppp/htdocs/Nelson/xd/PI-Nelson/vendor/laravel/framework/src/Illuminate/Foundation/Application.php(1220): Illuminate/Foundation/Http/Kernel->handle()
#58 C:/xampppp/htdocs/Nelson/xd/PI-Nelson/public/index.php(20): Illuminate/Foundation/Application->handleRequest()
#59 C:/xampppp/htdocs/Nelson/xd/PI-Nelson/vendor/laravel/framework/src/Illuminate/Foundation/resources/server.php(23): require_once('...')
#60 {main}
"} 
[2026-03-26 03:59:50] local.ERROR: Maximum execution time of 30 seconds exceeded {"exception":"[object] (Symfony\\Component\\ErrorHandler\\Error\\FatalError(code: 0): Maximum execution time of 30 seconds exceeded at C:/xampppp/htdocs/Nelson/xd/PI-Nelson/storage/framework/views/11687fa2949905b6b97aa509d01ee400.php:1)
[stacktrace]
#0 {main}
"} 
[2026-03-26 04:33:00] local.ERROR: SQLSTATE[23000]: Integrity constraint violation: 19 NOT NULL constraint failed: activos.area_id (Connection: sqlite, Database: C:\xampppp\htdocs\Nelson\xd\PI-Nelson\database\database.sqlite, SQL: insert into "activos" ("nombre", "categoria_id", "numero_serie", "marca", "modelo", "fecha_adquisicion", "proveedor", "vida_util", "estado", "observaciones", "costo_adquisicion", "area_id", "qr_code", "updated_at", "created_at") values (Mouse Gamer, 4, 4A15ASDA, Normal, ASDA9646AS, 2026-03-06, Pruebas, 6, Mantenimiento, ?, 60, ?, SIGAF-OKNZVJGV, 2026-03-26 04:33:00, 2026-03-26 04:33:00)) {"userId":1,"exception":"[object] (Illuminate\\Database\\QueryException(code: 23000): SQLSTATE[23000]: Integrity constraint violation: 19 NOT NULL constraint failed: activos.area_id (Connection: sqlite, Database: C:\\xampppp\\htdocs\\Nelson\\xd\\PI-Nelson\\database\\database.sqlite, SQL: insert into \"activos\" (\"nombre\", \"categoria_id\", \"numero_serie\", \"marca\", \"modelo\", \"fecha_adquisicion\", \"proveedor\", \"vida_util\", \"estado\", \"observaciones\", \"costo_adquisicion\", \"area_id\", \"qr_code\", \"updated_at\", \"created_at\") values (Mouse Gamer, 4, 4A15ASDA, Normal, ASDA9646AS, 2026-03-06, Pruebas, 6, Mantenimiento, ?, 60, ?, SIGAF-OKNZVJGV, 2026-03-26 04:33:00, 2026-03-26 04:33:00)) at C:/xampppp/htdocs/Nelson/xd/PI-Nelson/vendor/laravel/framework/src/Illuminate/Database/Connection.php:838)
[stacktrace]
#0 C:/xampppp/htdocs/Nelson/xd/PI-Nelson/vendor/laravel/framework/src/Illuminate/Database/Connection.php(794): Illuminate/Database/Connection->runQueryCallback()
#1 C:/xampppp/htdocs/Nelson/xd/PI-Nelson/vendor/laravel/framework/src/Illuminate/Database/Connection.php(573): Illuminate/Database/Connection->run()
#2 C:/xampppp/htdocs/Nelson/xd/PI-Nelson/vendor/laravel/framework/src/Illuminate/Database/Connection.php(537): Illuminate/Database/Connection->statement()
#3 C:/xampppp/htdocs/Nelson/xd/PI-Nelson/vendor/laravel/framework/src/Illuminate/Database/Query/Processors/Processor.php(32): Illuminate/Database/Connection->insert()
#4 C:/xampppp/htdocs/Nelson/xd/PI-Nelson/vendor/laravel/framework/src/Illuminate/Database/Query/Builder.php(4140): Illuminate/Database/Query/Processors/Processor->processInsertGetId()
#5 C:/xampppp/htdocs/Nelson/xd/PI-Nelson/vendor/laravel/framework/src/Illuminate/Database/Eloquent/Builder.php(2235): Illuminate/Database/Query/Builder->insertGetId()
#6 C:/xampppp/htdocs/Nelson/xd/PI-Nelson/vendor/laravel/framework/src/Illuminate/Database/Eloquent/Model.php(1436): Illuminate/Database/Eloquent/Builder->__call()
#7 C:/xampppp/htdocs/Nelson/xd/PI-Nelson/vendor/laravel/framework/src/Illuminate/Database/Eloquent/Model.php(1401): Illuminate/Database/Eloquent/Model->insertAndSetId()
#8 C:/xampppp/htdocs/Nelson/xd/PI-Nelson/vendor/laravel/framework/src/Illuminate/Database/Eloquent/Model.php(1240): Illuminate/Database/Eloquent/Model->performInsert()
#9 C:/xampppp/htdocs/Nelson/xd/PI-Nelson/app/Http/Controllers/AssetController.php(44): Illuminate/Database/Eloquent/Model->save()
#10 C:/xampppp/htdocs/Nelson/xd/PI-Nelson/vendor/laravel/framework/src/Illuminate/Routing/ControllerDispatcher.php(46): App/Http/Controllers/AssetController->store()
#11 C:/xampppp/htdocs/Nelson/xd/PI-Nelson/vendor/laravel/framework/src/Illuminate/Routing/Route.php(265): Illuminate/Routing/ControllerDispatcher->dispatch()
#12 C:/xampppp/htdocs/Nelson/xd/PI-Nelson/vendor/laravel/framework/src/Illuminate/Routing/Route.php(211): Illuminate/Routing/Route->runController()
#13 C:/xampppp/htdocs/Nelson/xd/PI-Nelson/vendor/laravel/framework/src/Illuminate/Routing/Router.php(822): Illuminate/Routing/Route->run()
#14 C:/xampppp/htdocs/Nelson/xd/PI-Nelson/vendor/laravel/framework/src/Illuminate/Pipeline/Pipeline.php(180): Illuminate/Routing/Router->{closure:Illuminate/Routing/Router::runRouteWithinStack():821}()
#15 C:/xampppp/htdocs/Nelson/xd/PI-Nelson/vendor/laravel/framework/src/Illuminate/Routing/Middleware/SubstituteBindings.php(50): Illuminate/Pipeline/Pipeline->{closure:Illuminate/Pipeline/Pipeline::prepareDestination():178}()
#16 C:/xampppp/htdocs/Nelson/xd/PI-Nelson/vendor/laravel/framework/src/Illuminate/Pipeline/Pipeline.php(219): Illuminate/Routing/Middleware/SubstituteBindings->handle()
#17 C:/xampppp/htdocs/Nelson/xd/PI-Nelson/vendor/laravel/framework/src/Illuminate/Auth/Middleware/Authenticate.php(63): Illuminate/Pipeline/Pipeline->{closure:{closure:Illuminate/Pipeline/Pipeline::carry():194}:195}()
#18 C:/xampppp/htdocs/Nelson/xd/PI-Nelson/vendor/laravel/framework/src/Illuminate/Pipeline/Pipeline.php(219): Illuminate/Auth/Middleware/Authenticate->handle()
#19 C:/xampppp/htdocs/Nelson/xd/PI-Nelson/vendor/laravel/framework/src/Illuminate/Pipeline/Pipeline.php(137): Illuminate/Pipeline/Pipeline->{closure:{closure:Illuminate/Pipeline/Pipeline::carry():194}:195}()
#20 C:/xampppp/htdocs/Nelson/xd/PI-Nelson/vendor/laravel/framework/src/Illuminate/Routing/Router.php(821): Illuminate/Pipeline/Pipeline->then()
#21 C:/xampppp/htdocs/Nelson/xd/PI-Nelson/vendor/laravel/framework/src/Illuminate/Routing/Router.php(800): Illuminate/Routing/Router->runRouteWithinStack()
#22 C:/xampppp/htdocs/Nelson/xd/PI-Nelson/vendor/laravel/framework/src/Illuminate/Routing/Router.php(764): Illuminate/Routing/Router->runRoute()
#23 C:/xampppp/htdocs/Nelson/xd/PI-Nelson/vendor/laravel/framework/src/Illuminate/Routing/Router.php(753): Illuminate/Routing/Router->dispatchToRoute()
#24 C:/xampppp/htdocs/Nelson/xd/PI-Nelson/vendor/laravel/framework/src/Illuminate/Foundation/Http/Kernel.php(200): Illuminate/Routing/Router->dispatch()
#25 C:/xampppp/htdocs/Nelson/xd/PI-Nelson/vendor/laravel/framework/src/Illuminate/Pipeline/Pipeline.php(180): Illuminate/Foundation/Http/Kernel->{closure:Illuminate/Foundation/Http/Kernel::dispatchToRouter():197}()
#26 C:/xampppp/htdocs/Nelson/xd/PI-Nelson/vendor/laravel/framework/src/Illuminate/Foundation/Http/Middleware/TransformsRequest.php(21): Illuminate/Pipeline/Pipeline->{closure:Illuminate/Pipeline/Pipeline::prepareDestination():178}()
#27 C:/xampppp/htdocs/Nelson/xd/PI-Nelson/vendor/laravel/framework/src/Illuminate/Foundation/Http/Middleware/ConvertEmptyStringsToNull.php(31): Illuminate/Foundation/Http/Middleware/TransformsRequest->handle()
#28 C:/xampppp/htdocs/Nelson/xd/PI-Nelson/vendor/laravel/framework/src/Illuminate/Pipeline/Pipeline.php(219): Illuminate/Foundation/Http/Middleware/ConvertEmptyStringsToNull->handle()
#29 C:/xampppp/htdocs/Nelson/xd/PI-Nelson/vendor/laravel/framework/src/Illuminate/Foundation/Http/Middleware/TransformsRequest.php(21): Illuminate/Pipeline/Pipeline->{closure:{closure:Illuminate/Pipeline/Pipeline::carry():194}:195}()
#30 C:/xampppp/htdocs/Nelson/xd/PI-Nelson/vendor/laravel/framework/src/Illuminate/Foundation/Http/Middleware/TrimStrings.php(51): Illuminate/Foundation/Http/Middleware/TransformsRequest->handle()
#31 C:/xampppp/htdocs/Nelson/xd/PI-Nelson/vendor/laravel/framework/src/Illuminate/Pipeline/Pipeline.php(219): Illuminate/Foundation/Http/Middleware/TrimStrings->handle()
#32 C:/xampppp/htdocs/Nelson/xd/PI-Nelson/vendor/laravel/framework/src/Illuminate/Http/Middleware/ValidatePostSize.php(27): Illuminate/Pipeline/Pipeline->{closure:{closure:Illuminate/Pipeline/Pipeline::carry():194}:195}()
#33 C:/xampppp/htdocs/Nelson/xd/PI-Nelson/vendor/laravel/framework/src/Illuminate/Pipeline/Pipeline.php(219): Illuminate/Http/Middleware/ValidatePostSize->handle()
#34 C:/xampppp/htdocs/Nelson/xd/PI-Nelson/vendor/laravel/framework/src/Illuminate/Foundation/Http/Middleware/PreventRequestsDuringMaintenance.php(109): Illuminate/Pipeline/Pipeline->{closure:{closure:Illuminate/Pipeline/Pipeline::carry():194}:195}()
#35 C:/xampppp/htdocs/Nelson/xd/PI-Nelson/vendor/laravel/framework/src/Illuminate/Pipeline/Pipeline.php(219): Illuminate/Foundation/Http/Middleware/PreventRequestsDuringMaintenance->handle()
#36 C:/xampppp/htdocs/Nelson/xd/PI-Nelson/vendor/laravel/framework/src/Illuminate/Http/Middleware/HandleCors.php(74): Illuminate/Pipeline/Pipeline->{closure:{closure:Illuminate/Pipeline/Pipeline::carry():194}:195}()
#37 C:/xampppp/htdocs/Nelson/xd/PI-Nelson/vendor/laravel/framework/src/Illuminate/Pipeline/Pipeline.php(219): Illuminate/Http/Middleware/HandleCors->handle()
#38 C:/xampppp/htdocs/Nelson/xd/PI-Nelson/vendor/laravel/framework/src/Illuminate/Http/Middleware/TrustProxies.php(58): Illuminate/Pipeline/Pipeline->{closure:{closure:Illuminate/Pipeline/Pipeline::carry():194}:195}()
#39 C:/xampppp/htdocs/Nelson/xd/PI-Nelson/vendor/laravel/framework/src/Illuminate/Pipeline/Pipeline.php(219): Illuminate/Http/Middleware/TrustProxies->handle()
#40 C:/xampppp/htdocs/Nelson/xd/PI-Nelson/vendor/laravel/framework/src/Illuminate/Foundation/Http/Middleware/InvokeDeferredCallbacks.php(22): Illuminate/Pipeline/Pipeline->{closure:{closure:Illuminate/Pipeline/Pipeline::carry():194}:195}()
#41 C:/xampppp/htdocs/Nelson/xd/PI-Nelson/vendor/laravel/framework/src/Illuminate/Pipeline/Pipeline.php(219): Illuminate/Foundation/Http/Middleware/InvokeDeferredCallbacks->handle()
#42 C:/xampppp/htdocs/Nelson/xd/PI-Nelson/vendor/laravel/framework/src/Illuminate/Http/Middleware/ValidatePathEncoding.php(26): Illuminate/Pipeline/Pipeline->{closure:{closure:Illuminate/Pipeline/Pipeline::carry():194}:195}()
#43 C:/xampppp/htdocs/Nelson/xd/PI-Nelson/vendor/laravel/framework/src/Illuminate/Pipeline/Pipeline.php(219): Illuminate/Http/Middleware/ValidatePathEncoding->handle()
#44 C:/xampppp/htdocs/Nelson/xd/PI-Nelson/vendor/laravel/framework/src/Illuminate/Pipeline/Pipeline.php(137): Illuminate/Pipeline/Pipeline->{closure:{closure:Illuminate/Pipeline/Pipeline::carry():194}:195}()
#45 C:/xampppp/htdocs/Nelson/xd/PI-Nelson/vendor/laravel/framework/src/Illuminate/Foundation/Http/Kernel.php(175): Illuminate/Pipeline/Pipeline->then()
#46 C:/xampppp/htdocs/Nelson/xd/PI-Nelson/vendor/laravel/framework/src/Illuminate/Foundation/Http/Kernel.php(144): Illuminate/Foundation/Http/Kernel->sendRequestThroughRouter()
#47 C:/xampppp/htdocs/Nelson/xd/PI-Nelson/vendor/laravel/framework/src/Illuminate/Foundation/Application.php(1220): Illuminate/Foundation/Http/Kernel->handle()
#48 C:/xampppp/htdocs/Nelson/xd/PI-Nelson/public/index.php(20): Illuminate/Foundation/Application->handleRequest()
#49 C:/xampppp/htdocs/Nelson/xd/PI-Nelson/vendor/laravel/framework/src/Illuminate/Foundation/resources/server.php(23): require_once('...')
#50 {main}

[previous exception] [object] (PDOException(code: 23000): SQLSTATE[23000]: Integrity constraint violation: 19 NOT NULL constraint failed: activos.area_id at C:/xampppp/htdocs/Nelson/xd/PI-Nelson/vendor/laravel/framework/src/Illuminate/Database/Connection.php:584)
[stacktrace]
#0 C:/xampppp/htdocs/Nelson/xd/PI-Nelson/vendor/laravel/framework/src/Illuminate/Database/Connection.php(584): PDOStatement->execute()
#1 C:/xampppp/htdocs/Nelson/xd/PI-Nelson/vendor/laravel/framework/src/Illuminate/Database/Connection.php(827): Illuminate/Database/Connection->{closure:Illuminate/Database/Connection::statement():573}()
#2 C:/xampppp/htdocs/Nelson/xd/PI-Nelson/vendor/laravel/framework/src/Illuminate/Database/Connection.php(794): Illuminate/Database/Connection->runQueryCallback()
#3 C:/xampppp/htdocs/Nelson/xd/PI-Nelson/vendor/laravel/framework/src/Illuminate/Database/Connection.php(573): Illuminate/Database/Connection->run()
#4 C:/xampppp/htdocs/Nelson/xd/PI-Nelson/vendor/laravel/framework/src/Illuminate/Database/Connection.php(537): Illuminate/Database/Connection->statement()
#5 C:/xampppp/htdocs/Nelson/xd/PI-Nelson/vendor/laravel/framework/src/Illuminate/Database/Query/Processors/Processor.php(32): Illuminate/Database/Connection->insert()
#6 C:/xampppp/htdocs/Nelson/xd/PI-Nelson/vendor/laravel/framework/src/Illuminate/Database/Query/Builder.php(4140): Illuminate/Database/Query/Processors/Processor->processInsertGetId()
#7 C:/xampppp/htdocs/Nelson/xd/PI-Nelson/vendor/laravel/framework/src/Illuminate/Database/Eloquent/Builder.php(2235): Illuminate/Database/Query/Builder->insertGetId()
#8 C:/xampppp/htdocs/Nelson/xd/PI-Nelson/vendor/laravel/framework/src/Illuminate/Database/Eloquent/Model.php(1436): Illuminate/Database/Eloquent/Builder->__call()
#9 C:/xampppp/htdocs/Nelson/xd/PI-Nelson/vendor/laravel/framework/src/Illuminate/Database/Eloquent/Model.php(1401): Illuminate/Database/Eloquent/Model->insertAndSetId()
#10 C:/xampppp/htdocs/Nelson/xd/PI-Nelson/vendor/laravel/framework/src/Illuminate/Database/Eloquent/Model.php(1240): Illuminate/Database/Eloquent/Model->performInsert()
#11 C:/xampppp/htdocs/Nelson/xd/PI-Nelson/app/Http/Controllers/AssetController.php(44): Illuminate/Database/Eloquent/Model->save()
#12 C:/xampppp/htdocs/Nelson/xd/PI-Nelson/vendor/laravel/framework/src/Illuminate/Routing/ControllerDispatcher.php(46): App/Http/Controllers/AssetController->store()
#13 C:/xampppp/htdocs/Nelson/xd/PI-Nelson/vendor/laravel/framework/src/Illuminate/Routing/Route.php(265): Illuminate/Routing/ControllerDispatcher->dispatch()
#14 C:/xampppp/htdocs/Nelson/xd/PI-Nelson/vendor/laravel/framework/src/Illuminate/Routing/Route.php(211): Illuminate/Routing/Route->runController()
#15 C:/xampppp/htdocs/Nelson/xd/PI-Nelson/vendor/laravel/framework/src/Illuminate/Routing/Router.php(822): Illuminate/Routing/Route->run()
#16 C:/xampppp/htdocs/Nelson/xd/PI-Nelson/vendor/laravel/framework/src/Illuminate/Pipeline/Pipeline.php(180): Illuminate/Routing/Router->{closure:Illuminate/Routing/Router::runRouteWithinStack():821}()
#17 C:/xampppp/htdocs/Nelson/xd/PI-Nelson/vendor/laravel/framework/src/Illuminate/Routing/Middleware/SubstituteBindings.php(50): Illuminate/Pipeline/Pipeline->{closure:Illuminate/Pipeline/Pipeline::prepareDestination():178}()
#18 C:/xampppp/htdocs/Nelson/xd/PI-Nelson/vendor/laravel/framework/src/Illuminate/Pipeline/Pipeline.php(219): Illuminate/Routing/Middleware/SubstituteBindings->handle()
#19 C:/xampppp/htdocs/Nelson/xd/PI-Nelson/vendor/laravel/framework/src/Illuminate/Auth/Middleware/Authenticate.php(63): Illuminate/Pipeline/Pipeline->{closure:{closure:Illuminate/Pipeline/Pipeline::carry():194}:195}()
#20 C:/xampppp/htdocs/Nelson/xd/PI-Nelson/vendor/laravel/framework/src/Illuminate/Pipeline/Pipeline.php(219): Illuminate/Auth/Middleware/Authenticate->handle()
#21 C:/xampppp/htdocs/Nelson/xd/PI-Nelson/vendor/laravel/framework/src/Illuminate/Pipeline/Pipeline.php(137): Illuminate/Pipeline/Pipeline->{closure:{closure:Illuminate/Pipeline/Pipeline::carry():194}:195}()
#22 C:/xampppp/htdocs/Nelson/xd/PI-Nelson/vendor/laravel/framework/src/Illuminate/Routing/Router.php(821): Illuminate/Pipeline/Pipeline->then()
#23 C:/xampppp/htdocs/Nelson/xd/PI-Nelson/vendor/laravel/framework/src/Illuminate/Routing/Router.php(800): Illuminate/Routing/Router->runRouteWithinStack()
#24 C:/xampppp/htdocs/Nelson/xd/PI-Nelson/vendor/laravel/framework/src/Illuminate/Routing/Router.php(764): Illuminate/Routing/Router->runRoute()
#25 C:/xampppp/htdocs/Nelson/xd/PI-Nelson/vendor/laravel/framework/src/Illuminate/Routing/Router.php(753): Illuminate/Routing/Router->dispatchToRoute()
#26 C:/xampppp/htdocs/Nelson/xd/PI-Nelson/vendor/laravel/framework/src/Illuminate/Foundation/Http/Kernel.php(200): Illuminate/Routing/Router->dispatch()
#27 C:/xampppp/htdocs/Nelson/xd/PI-Nelson/vendor/laravel/framework/src/Illuminate/Pipeline/Pipeline.php(180): Illuminate/Foundation/Http/Kernel->{closure:Illuminate/Foundation/Http/Kernel::dispatchToRouter():197}()
#28 C:/xampppp/htdocs/Nelson/xd/PI-Nelson/vendor/laravel/framework/src/Illuminate/Foundation/Http/Middleware/TransformsRequest.php(21): Illuminate/Pipeline/Pipeline->{closure:Illuminate/Pipeline/Pipeline::prepareDestination():178}()
#29 C:/xampppp/htdocs/Nelson/xd/PI-Nelson/vendor/laravel/framework/src/Illuminate/Foundation/Http/Middleware/ConvertEmptyStringsToNull.php(31): Illuminate/Foundation/Http/Middleware/TransformsRequest->handle()
#30 C:/xampppp/htdocs/Nelson/xd/PI-Nelson/vendor/laravel/framework/src/Illuminate/Pipeline/Pipeline.php(219): Illuminate/Foundation/Http/Middleware/ConvertEmptyStringsToNull->handle()
#31 C:/xampppp/htdocs/Nelson/xd/PI-Nelson/vendor/laravel/framework/src/Illuminate/Foundation/Http/Middleware/TransformsRequest.php(21): Illuminate/Pipeline/Pipeline->{closure:{closure:Illuminate/Pipeline/Pipeline::carry():194}:195}()
#32 C:/xampppp/htdocs/Nelson/xd/PI-Nelson/vendor/laravel/framework/src/Illuminate/Foundation/Http/Middleware/TrimStrings.php(51): Illuminate/Foundation/Http/Middleware/TransformsRequest->handle()
#33 C:/xampppp/htdocs/Nelson/xd/PI-Nelson/vendor/laravel/framework/src/Illuminate/Pipeline/Pipeline.php(219): Illuminate/Foundation/Http/Middleware/TrimStrings->handle()
#34 C:/xampppp/htdocs/Nelson/xd/PI-Nelson/vendor/laravel/framework/src/Illuminate/Http/Middleware/ValidatePostSize.php(27): Illuminate/Pipeline/Pipeline->{closure:{closure:Illuminate/Pipeline/Pipeline::carry():194}:195}()
#35 C:/xampppp/htdocs/Nelson/xd/PI-Nelson/vendor/laravel/framework/src/Illuminate/Pipeline/Pipeline.php(219): Illuminate/Http/Middleware/ValidatePostSize->handle()
#36 C:/xampppp/htdocs/Nelson/xd/PI-Nelson/vendor/laravel/framework/src/Illuminate/Foundation/Http/Middleware/PreventRequestsDuringMaintenance.php(109): Illuminate/Pipeline/Pipeline->{closure:{closure:Illuminate/Pipeline/Pipeline::carry():194}:195}()
#37 C:/xampppp/htdocs/Nelson/xd/PI-Nelson/vendor/laravel/framework/src/Illuminate/Pipeline/Pipeline.php(219): Illuminate/Foundation/Http/Middleware/PreventRequestsDuringMaintenance->handle()
#38 C:/xampppp/htdocs/Nelson/xd/PI-Nelson/vendor/laravel/framework/src/Illuminate/Http/Middleware/HandleCors.php(74): Illuminate/Pipeline/Pipeline->{closure:{closure:Illuminate/Pipeline/Pipeline::carry():194}:195}()
#39 C:/xampppp/htdocs/Nelson/xd/PI-Nelson/vendor/laravel/framework/src/Illuminate/Pipeline/Pipeline.php(219): Illuminate/Http/Middleware/HandleCors->handle()
#40 C:/xampppp/htdocs/Nelson/xd/PI-Nelson/vendor/laravel/framework/src/Illuminate/Http/Middleware/TrustProxies.php(58): Illuminate/Pipeline/Pipeline->{closure:{closure:Illuminate/Pipeline/Pipeline::carry():194}:195}()
#41 C:/xampppp/htdocs/Nelson/xd/PI-Nelson/vendor/laravel/framework/src/Illuminate/Pipeline/Pipeline.php(219): Illuminate/Http/Middleware/TrustProxies->handle()
#42 C:/xampppp/htdocs/Nelson/xd/PI-Nelson/vendor/laravel/framework/src/Illuminate/Foundation/Http/Middleware/InvokeDeferredCallbacks.php(22): Illuminate/Pipeline/Pipeline->{closure:{closure:Illuminate/Pipeline/Pipeline::carry():194}:195}()
#43 C:/xampppp/htdocs/Nelson/xd/PI-Nelson/vendor/laravel/framework/src/Illuminate/Pipeline/Pipeline.php(219): Illuminate/Foundation/Http/Middleware/InvokeDeferredCallbacks->handle()
#44 C:/xampppp/htdocs/Nelson/xd/PI-Nelson/vendor/laravel/framework/src/Illuminate/Http/Middleware/ValidatePathEncoding.php(26): Illuminate/Pipeline/Pipeline->{closure:{closure:Illuminate/Pipeline/Pipeline::carry():194}:195}()
#45 C:/xampppp/htdocs/Nelson/xd/PI-Nelson/vendor/laravel/framework/src/Illuminate/Pipeline/Pipeline.php(219): Illuminate/Http/Middleware/ValidatePathEncoding->handle()
#46 C:/xampppp/htdocs/Nelson/xd/PI-Nelson/vendor/laravel/framework/src/Illuminate/Pipeline/Pipeline.php(137): Illuminate/Pipeline/Pipeline->{closure:{closure:Illuminate/Pipeline/Pipeline::carry():194}:195}()
#47 C:/xampppp/htdocs/Nelson/xd/PI-Nelson/vendor/laravel/framework/src/Illuminate/Foundation/Http/Kernel.php(175): Illuminate/Pipeline/Pipeline->then()
#48 C:/xampppp/htdocs/Nelson/xd/PI-Nelson/vendor/laravel/framework/src/Illuminate/Foundation/Http/Kernel.php(144): Illuminate/Foundation/Http/Kernel->sendRequestThroughRouter()
#49 C:/xampppp/htdocs/Nelson/xd/PI-Nelson/vendor/laravel/framework/src/Illuminate/Foundation/Application.php(1220): Illuminate/Foundation/Http/Kernel->handle()
#50 C:/xampppp/htdocs/Nelson/xd/PI-Nelson/public/index.php(20): Illuminate/Foundation/Application->handleRequest()
#51 C:/xampppp/htdocs/Nelson/xd/PI-Nelson/vendor/laravel/framework/src/Illuminate/Foundation/resources/server.php(23): require_once('...')
#52 {main}
"} 
[2026-03-26 04:41:04] local.ERROR: PHP Parse error: Syntax error, unexpected '=' on line 1 {"exception":"[object] (Psy\\Exception\\ParseErrorException(code: 0): PHP Parse error: Syntax error, unexpected '=' on line 1 at C:/xampppp/htdocs/Nelson/xd/PI-Nelson/vendor/psy/psysh/src/Exception/ParseErrorException.php:44)
[stacktrace]
#0 C:/xampppp/htdocs/Nelson/xd/PI-Nelson/vendor/psy/psysh/src/CodeCleaner.php(488): Psy/Exception/ParseErrorException::fromParseError()
#1 C:/xampppp/htdocs/Nelson/xd/PI-Nelson/vendor/psy/psysh/src/CodeCleaner.php(269): Psy/CodeCleaner->parse()
#2 C:/xampppp/htdocs/Nelson/xd/PI-Nelson/vendor/psy/psysh/src/Shell.php(1282): Psy/CodeCleaner->clean()
#3 C:/xampppp/htdocs/Nelson/xd/PI-Nelson/vendor/psy/psysh/src/Shell.php(1315): Psy/Shell->addCode()
#4 C:/xampppp/htdocs/Nelson/xd/PI-Nelson/vendor/psy/psysh/src/Shell.php(1865): Psy/Shell->setCode()
#5 C:/xampppp/htdocs/Nelson/xd/PI-Nelson/vendor/laravel/tinker/src/Console/TinkerCommand.php(77): Psy/Shell->execute()
#6 C:/xampppp/htdocs/Nelson/xd/PI-Nelson/vendor/laravel/framework/src/Illuminate/Container/BoundMethod.php(36): Laravel/Tinker/Console/TinkerCommand->handle()
#7 C:/xampppp/htdocs/Nelson/xd/PI-Nelson/vendor/laravel/framework/src/Illuminate/Container/Util.php(43): Illuminate/Container/BoundMethod::{closure:Illuminate/Container/BoundMethod::call():35}()
#8 C:/xampppp/htdocs/Nelson/xd/PI-Nelson/vendor/laravel/framework/src/Illuminate/Container/BoundMethod.php(96): Illuminate/Container/Util::unwrapIfClosure()
#9 C:/xampppp/htdocs/Nelson/xd/PI-Nelson/vendor/laravel/framework/src/Illuminate/Container/BoundMethod.php(35): Illuminate/Container/BoundMethod::callBoundMethod()
#10 C:/xampppp/htdocs/Nelson/xd/PI-Nelson/vendor/laravel/framework/src/Illuminate/Container/Container.php(799): Illuminate/Container/BoundMethod::call()
#11 C:/xampppp/htdocs/Nelson/xd/PI-Nelson/vendor/laravel/framework/src/Illuminate/Console/Command.php(211): Illuminate/Container/Container->call()
#12 C:/xampppp/htdocs/Nelson/xd/PI-Nelson/vendor/symfony/console/Command/Command.php(341): Illuminate/Console/Command->execute()
#13 C:/xampppp/htdocs/Nelson/xd/PI-Nelson/vendor/laravel/framework/src/Illuminate/Console/Command.php(180): Symfony/Component/Console/Command/Command->run()
#14 C:/xampppp/htdocs/Nelson/xd/PI-Nelson/vendor/symfony/console/Application.php(1117): Illuminate/Console/Command->run()
#15 C:/xampppp/htdocs/Nelson/xd/PI-Nelson/vendor/symfony/console/Application.php(356): Symfony/Component/Console/Application->doRunCommand()
#16 C:/xampppp/htdocs/Nelson/xd/PI-Nelson/vendor/symfony/console/Application.php(195): Symfony/Component/Console/Application->doRun()
#17 C:/xampppp/htdocs/Nelson/xd/PI-Nelson/vendor/laravel/framework/src/Illuminate/Foundation/Console/Kernel.php(198): Symfony/Component/Console/Application->run()
#18 C:/xampppp/htdocs/Nelson/xd/PI-Nelson/vendor/laravel/framework/src/Illuminate/Foundation/Application.php(1235): Illuminate/Foundation/Console/Kernel->handle()
#19 C:/xampppp/htdocs/Nelson/xd/PI-Nelson/artisan(16): Illuminate/Foundation/Application->handleCommand()
#20 {main}
"} 
[2026-03-26 04:41:47] local.ERROR: SQLSTATE[23000]: Integrity constraint violation: 19 NOT NULL constraint failed: categorias.prefijo (Connection: sqlite, Database: C:\xampppp\htdocs\Nelson\xd\PI-Nelson\database\database.sqlite, SQL: insert into "categorias" ("nombre", "updated_at", "created_at") values (Herramientas, 2026-03-26 04:41:47, 2026-03-26 04:41:47)) {"exception":"[object] (Illuminate\\Database\\QueryException(code: 23000): SQLSTATE[23000]: Integrity constraint violation: 19 NOT NULL constraint failed: categorias.prefijo (Connection: sqlite, Database: C:\\xampppp\\htdocs\\Nelson\\xd\\PI-Nelson\\database\\database.sqlite, SQL: insert into \"categorias\" (\"nombre\", \"updated_at\", \"created_at\") values (Herramientas, 2026-03-26 04:41:47, 2026-03-26 04:41:47)) at C:/xampppp/htdocs/Nelson/xd/PI-Nelson/vendor/laravel/framework/src/Illuminate/Database/Connection.php:838)
[stacktrace]
#0 C:/xampppp/htdocs/Nelson/xd/PI-Nelson/vendor/laravel/framework/src/Illuminate/Database/Connection.php(794): Illuminate/Database/Connection->runQueryCallback()
#1 C:/xampppp/htdocs/Nelson/xd/PI-Nelson/vendor/laravel/framework/src/Illuminate/Database/Connection.php(573): Illuminate/Database/Connection->run()
#2 C:/xampppp/htdocs/Nelson/xd/PI-Nelson/vendor/laravel/framework/src/Illuminate/Database/Connection.php(537): Illuminate/Database/Connection->statement()
#3 C:/xampppp/htdocs/Nelson/xd/PI-Nelson/vendor/laravel/framework/src/Illuminate/Database/Query/Processors/Processor.php(32): Illuminate/Database/Connection->insert()
#4 C:/xampppp/htdocs/Nelson/xd/PI-Nelson/vendor/laravel/framework/src/Illuminate/Database/Query/Builder.php(4140): Illuminate/Database/Query/Processors/Processor->processInsertGetId()
#5 C:/xampppp/htdocs/Nelson/xd/PI-Nelson/vendor/laravel/framework/src/Illuminate/Database/Eloquent/Builder.php(2235): Illuminate/Database/Query/Builder->insertGetId()
#6 C:/xampppp/htdocs/Nelson/xd/PI-Nelson/vendor/laravel/framework/src/Illuminate/Database/Eloquent/Model.php(1436): Illuminate/Database/Eloquent/Builder->__call()
#7 C:/xampppp/htdocs/Nelson/xd/PI-Nelson/vendor/laravel/framework/src/Illuminate/Database/Eloquent/Model.php(1401): Illuminate/Database/Eloquent/Model->insertAndSetId()
#8 C:/xampppp/htdocs/Nelson/xd/PI-Nelson/vendor/laravel/framework/src/Illuminate/Database/Eloquent/Model.php(1240): Illuminate/Database/Eloquent/Model->performInsert()
#9 C:/xampppp/htdocs/Nelson/xd/PI-Nelson/vendor/laravel/framework/src/Illuminate/Database/Eloquent/Builder.php(1219): Illuminate/Database/Eloquent/Model->save()
#10 C:/xampppp/htdocs/Nelson/xd/PI-Nelson/vendor/laravel/framework/src/Illuminate/Support/helpers.php(388): Illuminate/Database/Eloquent/Builder->{closure:Illuminate/Database/Eloquent/Builder::create():1218}()
#11 C:/xampppp/htdocs/Nelson/xd/PI-Nelson/vendor/laravel/framework/src/Illuminate/Database/Eloquent/Builder.php(1218): tap()
#12 C:/xampppp/htdocs/Nelson/xd/PI-Nelson/vendor/laravel/framework/src/Illuminate/Database/Eloquent/Builder.php(725): Illuminate/Database/Eloquent/Builder->create()
#13 C:/xampppp/htdocs/Nelson/xd/PI-Nelson/vendor/laravel/framework/src/Illuminate/Database/Eloquent/Builder.php(1959): Illuminate/Database/Eloquent/Builder->{closure:Illuminate/Database/Eloquent/Builder::createOrFirst():725}()
#14 C:/xampppp/htdocs/Nelson/xd/PI-Nelson/vendor/laravel/framework/src/Illuminate/Database/Eloquent/Builder.php(725): Illuminate/Database/Eloquent/Builder->withSavepointIfNeeded()
#15 C:/xampppp/htdocs/Nelson/xd/PI-Nelson/vendor/laravel/framework/src/Illuminate/Database/Eloquent/Builder.php(712): Illuminate/Database/Eloquent/Builder->createOrFirst()
#16 C:/xampppp/htdocs/Nelson/xd/PI-Nelson/vendor/laravel/framework/src/Illuminate/Support/Traits/ForwardsCalls.php(23): Illuminate/Database/Eloquent/Builder->firstOrCreate()
#17 C:/xampppp/htdocs/Nelson/xd/PI-Nelson/vendor/laravel/framework/src/Illuminate/Database/Eloquent/Model.php(2540): Illuminate/Database/Eloquent/Model->forwardCallTo()
#18 C:/xampppp/htdocs/Nelson/xd/PI-Nelson/vendor/laravel/framework/src/Illuminate/Database/Eloquent/Model.php(2556): Illuminate/Database/Eloquent/Model->__call()
#19 C:/xampppp/htdocs/Nelson/xd/PI-Nelson/database/seeders/DummySeeder.php(15): Illuminate/Database/Eloquent/Model::__callStatic()
#20 C:/xampppp/htdocs/Nelson/xd/PI-Nelson/vendor/laravel/framework/src/Illuminate/Container/BoundMethod.php(36): Database/Seeders/DummySeeder->run()
#21 C:/xampppp/htdocs/Nelson/xd/PI-Nelson/vendor/laravel/framework/src/Illuminate/Container/Util.php(43): Illuminate/Container/BoundMethod::{closure:Illuminate/Container/BoundMethod::call():35}()
#22 C:/xampppp/htdocs/Nelson/xd/PI-Nelson/vendor/laravel/framework/src/Illuminate/Container/BoundMethod.php(96): Illuminate/Container/Util::unwrapIfClosure()
#23 C:/xampppp/htdocs/Nelson/xd/PI-Nelson/vendor/laravel/framework/src/Illuminate/Container/BoundMethod.php(35): Illuminate/Container/BoundMethod::callBoundMethod()
#24 C:/xampppp/htdocs/Nelson/xd/PI-Nelson/vendor/laravel/framework/src/Illuminate/Container/Container.php(799): Illuminate/Container/BoundMethod::call()
#25 C:/xampppp/htdocs/Nelson/xd/PI-Nelson/vendor/laravel/framework/src/Illuminate/Database/Seeder.php(184): Illuminate/Container/Container->call()
#26 C:/xampppp/htdocs/Nelson/xd/PI-Nelson/vendor/laravel/framework/src/Illuminate/Database/Seeder.php(193): Illuminate/Database/Seeder->{closure:Illuminate/Database/Seeder::__invoke():183}()
#27 C:/xampppp/htdocs/Nelson/xd/PI-Nelson/vendor/laravel/framework/src/Illuminate/Database/Console/Seeds/SeedCommand.php(71): Illuminate/Database/Seeder->__invoke()
#28 C:/xampppp/htdocs/Nelson/xd/PI-Nelson/vendor/laravel/framework/src/Illuminate/Database/Eloquent/Concerns/GuardsAttributes.php(157): Illuminate/Database/Console/Seeds/SeedCommand->{closure:Illuminate/Database/Console/Seeds/SeedCommand::handle():70}()
#29 C:/xampppp/htdocs/Nelson/xd/PI-Nelson/vendor/laravel/framework/src/Illuminate/Database/Console/Seeds/SeedCommand.php(70): Illuminate/Database/Eloquent/Model::unguarded()
#30 C:/xampppp/htdocs/Nelson/xd/PI-Nelson/vendor/laravel/framework/src/Illuminate/Container/BoundMethod.php(36): Illuminate/Database/Console/Seeds/SeedCommand->handle()
#31 C:/xampppp/htdocs/Nelson/xd/PI-Nelson/vendor/laravel/framework/src/Illuminate/Container/Util.php(43): Illuminate/Container/BoundMethod::{closure:Illuminate/Container/BoundMethod::call():35}()
#32 C:/xampppp/htdocs/Nelson/xd/PI-Nelson/vendor/laravel/framework/src/Illuminate/Container/BoundMethod.php(96): Illuminate/Container/Util::unwrapIfClosure()
#33 C:/xampppp/htdocs/Nelson/xd/PI-Nelson/vendor/laravel/framework/src/Illuminate/Container/BoundMethod.php(35): Illuminate/Container/BoundMethod::callBoundMethod()
#34 C:/xampppp/htdocs/Nelson/xd/PI-Nelson/vendor/laravel/framework/src/Illuminate/Container/Container.php(799): Illuminate/Container/BoundMethod::call()
#35 C:/xampppp/htdocs/Nelson/xd/PI-Nelson/vendor/laravel/framework/src/Illuminate/Console/Command.php(211): Illuminate/Container/Container->call()
#36 C:/xampppp/htdocs/Nelson/xd/PI-Nelson/vendor/symfony/console/Command/Command.php(341): Illuminate/Console/Command->execute()
#37 C:/xampppp/htdocs/Nelson/xd/PI-Nelson/vendor/laravel/framework/src/Illuminate/Console/Command.php(180): Symfony/Component/Console/Command/Command->run()
#38 C:/xampppp/htdocs/Nelson/xd/PI-Nelson/vendor/symfony/console/Application.php(1117): Illuminate/Console/Command->run()
#39 C:/xampppp/htdocs/Nelson/xd/PI-Nelson/vendor/symfony/console/Application.php(356): Symfony/Component/Console/Application->doRunCommand()
#40 C:/xampppp/htdocs/Nelson/xd/PI-Nelson/vendor/symfony/console/Application.php(195): Symfony/Component/Console/Application->doRun()
#41 C:/xampppp/htdocs/Nelson/xd/PI-Nelson/vendor/laravel/framework/src/Illuminate/Foundation/Console/Kernel.php(198): Symfony/Component/Console/Application->run()
#42 C:/xampppp/htdocs/Nelson/xd/PI-Nelson/vendor/laravel/framework/src/Illuminate/Foundation/Application.php(1235): Illuminate/Foundation/Console/Kernel->handle()
#43 C:/xampppp/htdocs/Nelson/xd/PI-Nelson/artisan(16): Illuminate/Foundation/Application->handleCommand()
#44 {main}

[previous exception] [object] (PDOException(code: 23000): SQLSTATE[23000]: Integrity constraint violation: 19 NOT NULL constraint failed: categorias.prefijo at C:/xampppp/htdocs/Nelson/xd/PI-Nelson/vendor/laravel/framework/src/Illuminate/Database/Connection.php:584)
[stacktrace]
#0 C:/xampppp/htdocs/Nelson/xd/PI-Nelson/vendor/laravel/framework/src/Illuminate/Database/Connection.php(584): PDOStatement->execute()
#1 C:/xampppp/htdocs/Nelson/xd/PI-Nelson/vendor/laravel/framework/src/Illuminate/Database/Connection.php(827): Illuminate/Database/Connection->{closure:Illuminate/Database/Connection::statement():573}()
#2 C:/xampppp/htdocs/Nelson/xd/PI-Nelson/vendor/laravel/framework/src/Illuminate/Database/Connection.php(794): Illuminate/Database/Connection->runQueryCallback()
#3 C:/xampppp/htdocs/Nelson/xd/PI-Nelson/vendor/laravel/framework/src/Illuminate/Database/Connection.php(573): Illuminate/Database/Connection->run()
#4 C:/xampppp/htdocs/Nelson/xd/PI-Nelson/vendor/laravel/framework/src/Illuminate/Database/Connection.php(537): Illuminate/Database/Connection->statement()
#5 C:/xampppp/htdocs/Nelson/xd/PI-Nelson/vendor/laravel/framework/src/Illuminate/Database/Query/Processors/Processor.php(32): Illuminate/Database/Connection->insert()
#6 C:/xampppp/htdocs/Nelson/xd/PI-Nelson/vendor/laravel/framework/src/Illuminate/Database/Query/Builder.php(4140): Illuminate/Database/Query/Processors/Processor->processInsertGetId()
#7 C:/xampppp/htdocs/Nelson/xd/PI-Nelson/vendor/laravel/framework/src/Illuminate/Database/Eloquent/Builder.php(2235): Illuminate/Database/Query/Builder->insertGetId()
#8 C:/xampppp/htdocs/Nelson/xd/PI-Nelson/vendor/laravel/framework/src/Illuminate/Database/Eloquent/Model.php(1436): Illuminate/Database/Eloquent/Builder->__call()
#9 C:/xampppp/htdocs/Nelson/xd/PI-Nelson/vendor/laravel/framework/src/Illuminate/Database/Eloquent/Model.php(1401): Illuminate/Database/Eloquent/Model->insertAndSetId()
#10 C:/xampppp/htdocs/Nelson/xd/PI-Nelson/vendor/laravel/framework/src/Illuminate/Database/Eloquent/Model.php(1240): Illuminate/Database/Eloquent/Model->performInsert()
#11 C:/xampppp/htdocs/Nelson/xd/PI-Nelson/vendor/laravel/framework/src/Illuminate/Database/Eloquent/Builder.php(1219): Illuminate/Database/Eloquent/Model->save()
#12 C:/xampppp/htdocs/Nelson/xd/PI-Nelson/vendor/laravel/framework/src/Illuminate/Support/helpers.php(388): Illuminate/Database/Eloquent/Builder->{closure:Illuminate/Database/Eloquent/Builder::create():1218}()
#13 C:/xampppp/htdocs/Nelson/xd/PI-Nelson/vendor/laravel/framework/src/Illuminate/Database/Eloquent/Builder.php(1218): tap()
#14 C:/xampppp/htdocs/Nelson/xd/PI-Nelson/vendor/laravel/framework/src/Illuminate/Database/Eloquent/Builder.php(725): Illuminate/Database/Eloquent/Builder->create()
#15 C:/xampppp/htdocs/Nelson/xd/PI-Nelson/vendor/laravel/framework/src/Illuminate/Database/Eloquent/Builder.php(1959): Illuminate/Database/Eloquent/Builder->{closure:Illuminate/Database/Eloquent/Builder::createOrFirst():725}()
#16 C:/xampppp/htdocs/Nelson/xd/PI-Nelson/vendor/laravel/framework/src/Illuminate/Database/Eloquent/Builder.php(725): Illuminate/Database/Eloquent/Builder->withSavepointIfNeeded()
#17 C:/xampppp/htdocs/Nelson/xd/PI-Nelson/vendor/laravel/framework/src/Illuminate/Database/Eloquent/Builder.php(712): Illuminate/Database/Eloquent/Builder->createOrFirst()
#18 C:/xampppp/htdocs/Nelson/xd/PI-Nelson/vendor/laravel/framework/src/Illuminate/Support/Traits/ForwardsCalls.php(23): Illuminate/Database/Eloquent/Builder->firstOrCreate()
#19 C:/xampppp/htdocs/Nelson/xd/PI-Nelson/vendor/laravel/framework/src/Illuminate/Database/Eloquent/Model.php(2540): Illuminate/Database/Eloquent/Model->forwardCallTo()
#20 C:/xampppp/htdocs/Nelson/xd/PI-Nelson/vendor/laravel/framework/src/Illuminate/Database/Eloquent/Model.php(2556): Illuminate/Database/Eloquent/Model->__call()
#21 C:/xampppp/htdocs/Nelson/xd/PI-Nelson/database/seeders/DummySeeder.php(15): Illuminate/Database/Eloquent/Model::__callStatic()
#22 C:/xampppp/htdocs/Nelson/xd/PI-Nelson/vendor/laravel/framework/src/Illuminate/Container/BoundMethod.php(36): Database/Seeders/DummySeeder->run()
#23 C:/xampppp/htdocs/Nelson/xd/PI-Nelson/vendor/laravel/framework/src/Illuminate/Container/Util.php(43): Illuminate/Container/BoundMethod::{closure:Illuminate/Container/BoundMethod::call():35}()
#24 C:/xampppp/htdocs/Nelson/xd/PI-Nelson/vendor/laravel/framework/src/Illuminate/Container/BoundMethod.php(96): Illuminate/Container/Util::unwrapIfClosure()
#25 C:/xampppp/htdocs/Nelson/xd/PI-Nelson/vendor/laravel/framework/src/Illuminate/Container/BoundMethod.php(35): Illuminate/Container/BoundMethod::callBoundMethod()
#26 C:/xampppp/htdocs/Nelson/xd/PI-Nelson/vendor/laravel/framework/src/Illuminate/Container/Container.php(799): Illuminate/Container/BoundMethod::call()
#27 C:/xampppp/htdocs/Nelson/xd/PI-Nelson/vendor/laravel/framework/src/Illuminate/Database/Seeder.php(184): Illuminate/Container/Container->call()
#28 C:/xampppp/htdocs/Nelson/xd/PI-Nelson/vendor/laravel/framework/src/Illuminate/Database/Seeder.php(193): Illuminate/Database/Seeder->{closure:Illuminate/Database/Seeder::__invoke():183}()
#29 C:/xampppp/htdocs/Nelson/xd/PI-Nelson/vendor/laravel/framework/src/Illuminate/Database/Console/Seeds/SeedCommand.php(71): Illuminate/Database/Seeder->__invoke()
#30 C:/xampppp/htdocs/Nelson/xd/PI-Nelson/vendor/laravel/framework/src/Illuminate/Database/Eloquent/Concerns/GuardsAttributes.php(157): Illuminate/Database/Console/Seeds/SeedCommand->{closure:Illuminate/Database/Console/Seeds/SeedCommand::handle():70}()
#31 C:/xampppp/htdocs/Nelson/xd/PI-Nelson/vendor/laravel/framework/src/Illuminate/Database/Console/Seeds/SeedCommand.php(70): Illuminate/Database/Eloquent/Model::unguarded()
#32 C:/xampppp/htdocs/Nelson/xd/PI-Nelson/vendor/laravel/framework/src/Illuminate/Container/BoundMethod.php(36): Illuminate/Database/Console/Seeds/SeedCommand->handle()
#33 C:/xampppp/htdocs/Nelson/xd/PI-Nelson/vendor/laravel/framework/src/Illuminate/Container/Util.php(43): Illuminate/Container/BoundMethod::{closure:Illuminate/Container/BoundMethod::call():35}()
#34 C:/xampppp/htdocs/Nelson/xd/PI-Nelson/vendor/laravel/framework/src/Illuminate/Container/BoundMethod.php(96): Illuminate/Container/Util::unwrapIfClosure()
#35 C:/xampppp/htdocs/Nelson/xd/PI-Nelson/vendor/laravel/framework/src/Illuminate/Container/BoundMethod.php(35): Illuminate/Container/BoundMethod::callBoundMethod()
#36 C:/xampppp/htdocs/Nelson/xd/PI-Nelson/vendor/laravel/framework/src/Illuminate/Container/Container.php(799): Illuminate/Container/BoundMethod::call()
#37 C:/xampppp/htdocs/Nelson/xd/PI-Nelson/vendor/laravel/framework/src/Illuminate/Console/Command.php(211): Illuminate/Container/Container->call()
#38 C:/xampppp/htdocs/Nelson/xd/PI-Nelson/vendor/symfony/console/Command/Command.php(341): Illuminate/Console/Command->execute()
#39 C:/xampppp/htdocs/Nelson/xd/PI-Nelson/vendor/laravel/framework/src/Illuminate/Console/Command.php(180): Symfony/Component/Console/Command/Command->run()
#40 C:/xampppp/htdocs/Nelson/xd/PI-Nelson/vendor/symfony/console/Application.php(1117): Illuminate/Console/Command->run()
#41 C:/xampppp/htdocs/Nelson/xd/PI-Nelson/vendor/symfony/console/Application.php(356): Symfony/Component/Console/Application->doRunCommand()
#42 C:/xampppp/htdocs/Nelson/xd/PI-Nelson/vendor/symfony/console/Application.php(195): Symfony/Component/Console/Application->doRun()
#43 C:/xampppp/htdocs/Nelson/xd/PI-Nelson/vendor/laravel/framework/src/Illuminate/Foundation/Console/Kernel.php(198): Symfony/Component/Console/Application->run()
#44 C:/xampppp/htdocs/Nelson/xd/PI-Nelson/vendor/laravel/framework/src/Illuminate/Foundation/Application.php(1235): Illuminate/Foundation/Console/Kernel->handle()
#45 C:/xampppp/htdocs/Nelson/xd/PI-Nelson/artisan(16): Illuminate/Foundation/Application->handleCommand()
#46 {main}
"} 
[2026-03-26 04:43:13] local.ERROR: SQLSTATE[HY000]: General error: 1 no such table: solicituds (Connection: sqlite, Database: C:\xampppp\htdocs\Nelson\xd\PI-Nelson\database\database.sqlite, SQL: select * from "solicituds" where ("activo_id" = 1 and "user_id" = 4) limit 1) {"exception":"[object] (Illuminate\\Database\\QueryException(code: HY000): SQLSTATE[HY000]: General error: 1 no such table: solicituds (Connection: sqlite, Database: C:\\xampppp\\htdocs\\Nelson\\xd\\PI-Nelson\\database\\database.sqlite, SQL: select * from \"solicituds\" where (\"activo_id\" = 1 and \"user_id\" = 4) limit 1) at C:/xampppp/htdocs/Nelson/xd/PI-Nelson/vendor/laravel/framework/src/Illuminate/Database/Connection.php:838)
[stacktrace]
#0 C:/xampppp/htdocs/Nelson/xd/PI-Nelson/vendor/laravel/framework/src/Illuminate/Database/Connection.php(794): Illuminate/Database/Connection->runQueryCallback()
#1 C:/xampppp/htdocs/Nelson/xd/PI-Nelson/vendor/laravel/framework/src/Illuminate/Database/Connection.php(411): Illuminate/Database/Connection->run()
#2 C:/xampppp/htdocs/Nelson/xd/PI-Nelson/vendor/laravel/framework/src/Illuminate/Database/Query/Builder.php(3475): Illuminate/Database/Connection->select()
#3 C:/xampppp/htdocs/Nelson/xd/PI-Nelson/vendor/laravel/framework/src/Illuminate/Database/Query/Builder.php(3460): Illuminate/Database/Query/Builder->runSelect()
#4 C:/xampppp/htdocs/Nelson/xd/PI-Nelson/vendor/laravel/framework/src/Illuminate/Database/Query/Builder.php(4050): Illuminate/Database/Query/Builder->{closure:Illuminate/Database/Query/Builder::get():3459}()
#5 C:/xampppp/htdocs/Nelson/xd/PI-Nelson/vendor/laravel/framework/src/Illuminate/Database/Query/Builder.php(3459): Illuminate/Database/Query/Builder->onceWithColumns()
#6 C:/xampppp/htdocs/Nelson/xd/PI-Nelson/vendor/laravel/framework/src/Illuminate/Database/Eloquent/Builder.php(902): Illuminate/Database/Query/Builder->get()
#7 C:/xampppp/htdocs/Nelson/xd/PI-Nelson/vendor/laravel/framework/src/Illuminate/Database/Eloquent/Builder.php(884): Illuminate/Database/Eloquent/Builder->getModels()
#8 C:/xampppp/htdocs/Nelson/xd/PI-Nelson/vendor/laravel/framework/src/Illuminate/Database/Concerns/BuildsQueries.php(366): Illuminate/Database/Eloquent/Builder->get()
#9 C:/xampppp/htdocs/Nelson/xd/PI-Nelson/vendor/laravel/framework/src/Illuminate/Database/Eloquent/Builder.php(708): Illuminate/Database/Eloquent/Builder->first()
#10 C:/xampppp/htdocs/Nelson/xd/PI-Nelson/vendor/laravel/framework/src/Illuminate/Support/Traits/ForwardsCalls.php(23): Illuminate/Database/Eloquent/Builder->firstOrCreate()
#11 C:/xampppp/htdocs/Nelson/xd/PI-Nelson/vendor/laravel/framework/src/Illuminate/Database/Eloquent/Model.php(2540): Illuminate/Database/Eloquent/Model->forwardCallTo()
#12 C:/xampppp/htdocs/Nelson/xd/PI-Nelson/vendor/laravel/framework/src/Illuminate/Database/Eloquent/Model.php(2556): Illuminate/Database/Eloquent/Model->__call()
#13 C:/xampppp/htdocs/Nelson/xd/PI-Nelson/database/seeders/DummySeeder.php(48): Illuminate/Database/Eloquent/Model::__callStatic()
#14 C:/xampppp/htdocs/Nelson/xd/PI-Nelson/vendor/laravel/framework/src/Illuminate/Container/BoundMethod.php(36): Database/Seeders/DummySeeder->run()
#15 C:/xampppp/htdocs/Nelson/xd/PI-Nelson/vendor/laravel/framework/src/Illuminate/Container/Util.php(43): Illuminate/Container/BoundMethod::{closure:Illuminate/Container/BoundMethod::call():35}()
#16 C:/xampppp/htdocs/Nelson/xd/PI-Nelson/vendor/laravel/framework/src/Illuminate/Container/BoundMethod.php(96): Illuminate/Container/Util::unwrapIfClosure()
#17 C:/xampppp/htdocs/Nelson/xd/PI-Nelson/vendor/laravel/framework/src/Illuminate/Container/BoundMethod.php(35): Illuminate/Container/BoundMethod::callBoundMethod()
#18 C:/xampppp/htdocs/Nelson/xd/PI-Nelson/vendor/laravel/framework/src/Illuminate/Container/Container.php(799): Illuminate/Container/BoundMethod::call()
#19 C:/xampppp/htdocs/Nelson/xd/PI-Nelson/vendor/laravel/framework/src/Illuminate/Database/Seeder.php(184): Illuminate/Container/Container->call()
#20 C:/xampppp/htdocs/Nelson/xd/PI-Nelson/vendor/laravel/framework/src/Illuminate/Database/Seeder.php(193): Illuminate/Database/Seeder->{closure:Illuminate/Database/Seeder::__invoke():183}()
#21 C:/xampppp/htdocs/Nelson/xd/PI-Nelson/vendor/laravel/framework/src/Illuminate/Database/Console/Seeds/SeedCommand.php(71): Illuminate/Database/Seeder->__invoke()
#22 C:/xampppp/htdocs/Nelson/xd/PI-Nelson/vendor/laravel/framework/src/Illuminate/Database/Eloquent/Concerns/GuardsAttributes.php(157): Illuminate/Database/Console/Seeds/SeedCommand->{closure:Illuminate/Database/Console/Seeds/SeedCommand::handle():70}()
#23 C:/xampppp/htdocs/Nelson/xd/PI-Nelson/vendor/laravel/framework/src/Illuminate/Database/Console/Seeds/SeedCommand.php(70): Illuminate/Database/Eloquent/Model::unguarded()
#24 C:/xampppp/htdocs/Nelson/xd/PI-Nelson/vendor/laravel/framework/src/Illuminate/Container/BoundMethod.php(36): Illuminate/Database/Console/Seeds/SeedCommand->handle()
#25 C:/xampppp/htdocs/Nelson/xd/PI-Nelson/vendor/laravel/framework/src/Illuminate/Container/Util.php(43): Illuminate/Container/BoundMethod::{closure:Illuminate/Container/BoundMethod::call():35}()
#26 C:/xampppp/htdocs/Nelson/xd/PI-Nelson/vendor/laravel/framework/src/Illuminate/Container/BoundMethod.php(96): Illuminate/Container/Util::unwrapIfClosure()
#27 C:/xampppp/htdocs/Nelson/xd/PI-Nelson/vendor/laravel/framework/src/Illuminate/Container/BoundMethod.php(35): Illuminate/Container/BoundMethod::callBoundMethod()
#28 C:/xampppp/htdocs/Nelson/xd/PI-Nelson/vendor/laravel/framework/src/Illuminate/Container/Container.php(799): Illuminate/Container/BoundMethod::call()
#29 C:/xampppp/htdocs/Nelson/xd/PI-Nelson/vendor/laravel/framework/src/Illuminate/Console/Command.php(211): Illuminate/Container/Container->call()
#30 C:/xampppp/htdocs/Nelson/xd/PI-Nelson/vendor/symfony/console/Command/Command.php(341): Illuminate/Console/Command->execute()
#31 C:/xampppp/htdocs/Nelson/xd/PI-Nelson/vendor/laravel/framework/src/Illuminate/Console/Command.php(180): Symfony/Component/Console/Command/Command->run()
#32 C:/xampppp/htdocs/Nelson/xd/PI-Nelson/vendor/symfony/console/Application.php(1117): Illuminate/Console/Command->run()
#33 C:/xampppp/htdocs/Nelson/xd/PI-Nelson/vendor/symfony/console/Application.php(356): Symfony/Component/Console/Application->doRunCommand()
#34 C:/xampppp/htdocs/Nelson/xd/PI-Nelson/vendor/symfony/console/Application.php(195): Symfony/Component/Console/Application->doRun()
#35 C:/xampppp/htdocs/Nelson/xd/PI-Nelson/vendor/laravel/framework/src/Illuminate/Foundation/Console/Kernel.php(198): Symfony/Component/Console/Application->run()
#36 C:/xampppp/htdocs/Nelson/xd/PI-Nelson/vendor/laravel/framework/src/Illuminate/Foundation/Application.php(1235): Illuminate/Foundation/Console/Kernel->handle()
#37 C:/xampppp/htdocs/Nelson/xd/PI-Nelson/artisan(16): Illuminate/Foundation/Application->handleCommand()
#38 {main}

[previous exception] [object] (PDOException(code: HY000): SQLSTATE[HY000]: General error: 1 no such table: solicituds at C:/xampppp/htdocs/Nelson/xd/PI-Nelson/vendor/laravel/framework/src/Illuminate/Database/Connection.php:420)
[stacktrace]
#0 C:/xampppp/htdocs/Nelson/xd/PI-Nelson/vendor/laravel/framework/src/Illuminate/Database/Connection.php(420): PDO->prepare()
#1 C:/xampppp/htdocs/Nelson/xd/PI-Nelson/vendor/laravel/framework/src/Illuminate/Database/Connection.php(827): Illuminate/Database/Connection->{closure:Illuminate/Database/Connection::select():411}()
#2 C:/xampppp/htdocs/Nelson/xd/PI-Nelson/vendor/laravel/framework/src/Illuminate/Database/Connection.php(794): Illuminate/Database/Connection->runQueryCallback()
#3 C:/xampppp/htdocs/Nelson/xd/PI-Nelson/vendor/laravel/framework/src/Illuminate/Database/Connection.php(411): Illuminate/Database/Connection->run()
#4 C:/xampppp/htdocs/Nelson/xd/PI-Nelson/vendor/laravel/framework/src/Illuminate/Database/Query/Builder.php(3475): Illuminate/Database/Connection->select()
#5 C:/xampppp/htdocs/Nelson/xd/PI-Nelson/vendor/laravel/framework/src/Illuminate/Database/Query/Builder.php(3460): Illuminate/Database/Query/Builder->runSelect()
#6 C:/xampppp/htdocs/Nelson/xd/PI-Nelson/vendor/laravel/framework/src/Illuminate/Database/Query/Builder.php(4050): Illuminate/Database/Query/Builder->{closure:Illuminate/Database/Query/Builder::get():3459}()
#7 C:/xampppp/htdocs/Nelson/xd/PI-Nelson/vendor/laravel/framework/src/Illuminate/Database/Query/Builder.php(3459): Illuminate/Database/Query/Builder->onceWithColumns()
#8 C:/xampppp/htdocs/Nelson/xd/PI-Nelson/vendor/laravel/framework/src/Illuminate/Database/Eloquent/Builder.php(902): Illuminate/Database/Query/Builder->get()
#9 C:/xampppp/htdocs/Nelson/xd/PI-Nelson/vendor/laravel/framework/src/Illuminate/Database/Eloquent/Builder.php(884): Illuminate/Database/Eloquent/Builder->getModels()
#10 C:/xampppp/htdocs/Nelson/xd/PI-Nelson/vendor/laravel/framework/src/Illuminate/Database/Concerns/BuildsQueries.php(366): Illuminate/Database/Eloquent/Builder->get()
#11 C:/xampppp/htdocs/Nelson/xd/PI-Nelson/vendor/laravel/framework/src/Illuminate/Database/Eloquent/Builder.php(708): Illuminate/Database/Eloquent/Builder->first()
#12 C:/xampppp/htdocs/Nelson/xd/PI-Nelson/vendor/laravel/framework/src/Illuminate/Support/Traits/ForwardsCalls.php(23): Illuminate/Database/Eloquent/Builder->firstOrCreate()
#13 C:/xampppp/htdocs/Nelson/xd/PI-Nelson/vendor/laravel/framework/src/Illuminate/Database/Eloquent/Model.php(2540): Illuminate/Database/Eloquent/Model->forwardCallTo()
#14 C:/xampppp/htdocs/Nelson/xd/PI-Nelson/vendor/laravel/framework/src/Illuminate/Database/Eloquent/Model.php(2556): Illuminate/Database/Eloquent/Model->__call()
#15 C:/xampppp/htdocs/Nelson/xd/PI-Nelson/database/seeders/DummySeeder.php(48): Illuminate/Database/Eloquent/Model::__callStatic()
#16 C:/xampppp/htdocs/Nelson/xd/PI-Nelson/vendor/laravel/framework/src/Illuminate/Container/BoundMethod.php(36): Database/Seeders/DummySeeder->run()
#17 C:/xampppp/htdocs/Nelson/xd/PI-Nelson/vendor/laravel/framework/src/Illuminate/Container/Util.php(43): Illuminate/Container/BoundMethod::{closure:Illuminate/Container/BoundMethod::call():35}()
#18 C:/xampppp/htdocs/Nelson/xd/PI-Nelson/vendor/laravel/framework/src/Illuminate/Container/BoundMethod.php(96): Illuminate/Container/Util::unwrapIfClosure()
#19 C:/xampppp/htdocs/Nelson/xd/PI-Nelson/vendor/laravel/framework/src/Illuminate/Container/BoundMethod.php(35): Illuminate/Container/BoundMethod::callBoundMethod()
#20 C:/xampppp/htdocs/Nelson/xd/PI-Nelson/vendor/laravel/framework/src/Illuminate/Container/Container.php(799): Illuminate/Container/BoundMethod::call()
#21 C:/xampppp/htdocs/Nelson/xd/PI-Nelson/vendor/laravel/framework/src/Illuminate/Database/Seeder.php(184): Illuminate/Container/Container->call()
#22 C:/xampppp/htdocs/Nelson/xd/PI-Nelson/vendor/laravel/framework/src/Illuminate/Database/Seeder.php(193): Illuminate/Database/Seeder->{closure:Illuminate/Database/Seeder::__invoke():183}()
#23 C:/xampppp/htdocs/Nelson/xd/PI-Nelson/vendor/laravel/framework/src/Illuminate/Database/Console/Seeds/SeedCommand.php(71): Illuminate/Database/Seeder->__invoke()
#24 C:/xampppp/htdocs/Nelson/xd/PI-Nelson/vendor/laravel/framework/src/Illuminate/Database/Eloquent/Concerns/GuardsAttributes.php(157): Illuminate/Database/Console/Seeds/SeedCommand->{closure:Illuminate/Database/Console/Seeds/SeedCommand::handle():70}()
#25 C:/xampppp/htdocs/Nelson/xd/PI-Nelson/vendor/laravel/framework/src/Illuminate/Database/Console/Seeds/SeedCommand.php(70): Illuminate/Database/Eloquent/Model::unguarded()
#26 C:/xampppp/htdocs/Nelson/xd/PI-Nelson/vendor/laravel/framework/src/Illuminate/Container/BoundMethod.php(36): Illuminate/Database/Console/Seeds/SeedCommand->handle()
#27 C:/xampppp/htdocs/Nelson/xd/PI-Nelson/vendor/laravel/framework/src/Illuminate/Container/Util.php(43): Illuminate/Container/BoundMethod::{closure:Illuminate/Container/BoundMethod::call():35}()
#28 C:/xampppp/htdocs/Nelson/xd/PI-Nelson/vendor/laravel/framework/src/Illuminate/Container/BoundMethod.php(96): Illuminate/Container/Util::unwrapIfClosure()
#29 C:/xampppp/htdocs/Nelson/xd/PI-Nelson/vendor/laravel/framework/src/Illuminate/Container/BoundMethod.php(35): Illuminate/Container/BoundMethod::callBoundMethod()
#30 C:/xampppp/htdocs/Nelson/xd/PI-Nelson/vendor/laravel/framework/src/Illuminate/Container/Container.php(799): Illuminate/Container/BoundMethod::call()
#31 C:/xampppp/htdocs/Nelson/xd/PI-Nelson/vendor/laravel/framework/src/Illuminate/Console/Command.php(211): Illuminate/Container/Container->call()
#32 C:/xampppp/htdocs/Nelson/xd/PI-Nelson/vendor/symfony/console/Command/Command.php(341): Illuminate/Console/Command->execute()
#33 C:/xampppp/htdocs/Nelson/xd/PI-Nelson/vendor/laravel/framework/src/Illuminate/Console/Command.php(180): Symfony/Component/Console/Command/Command->run()
#34 C:/xampppp/htdocs/Nelson/xd/PI-Nelson/vendor/symfony/console/Application.php(1117): Illuminate/Console/Command->run()
#35 C:/xampppp/htdocs/Nelson/xd/PI-Nelson/vendor/symfony/console/Application.php(356): Symfony/Component/Console/Application->doRunCommand()
#36 C:/xampppp/htdocs/Nelson/xd/PI-Nelson/vendor/symfony/console/Application.php(195): Symfony/Component/Console/Application->doRun()
#37 C:/xampppp/htdocs/Nelson/xd/PI-Nelson/vendor/laravel/framework/src/Illuminate/Foundation/Console/Kernel.php(198): Symfony/Component/Console/Application->run()
#38 C:/xampppp/htdocs/Nelson/xd/PI-Nelson/vendor/laravel/framework/src/Illuminate/Foundation/Application.php(1235): Illuminate/Foundation/Console/Kernel->handle()
#39 C:/xampppp/htdocs/Nelson/xd/PI-Nelson/artisan(16): Illuminate/Foundation/Application->handleCommand()
#40 {main}
"} 
[2026-03-26 05:17:43] local.ERROR: PHP Parse error: Syntax error, unexpected T_NS_SEPARATOR, expecting T_VARIABLE on line 1 {"exception":"[object] (Psy\\Exception\\ParseErrorException(code: 0): PHP Parse error: Syntax error, unexpected T_NS_SEPARATOR, expecting T_VARIABLE on line 1 at C:/xampppp/htdocs/Nelson/xd/PI-Nelson/vendor/psy/psysh/src/Exception/ParseErrorException.php:44)
[stacktrace]
#0 C:/xampppp/htdocs/Nelson/xd/PI-Nelson/vendor/psy/psysh/src/CodeCleaner.php(488): Psy/Exception/ParseErrorException::fromParseError()
#1 C:/xampppp/htdocs/Nelson/xd/PI-Nelson/vendor/psy/psysh/src/CodeCleaner.php(269): Psy/CodeCleaner->parse()
#2 C:/xampppp/htdocs/Nelson/xd/PI-Nelson/vendor/psy/psysh/src/Shell.php(1282): Psy/CodeCleaner->clean()
#3 C:/xampppp/htdocs/Nelson/xd/PI-Nelson/vendor/psy/psysh/src/Shell.php(1315): Psy/Shell->addCode()
#4 C:/xampppp/htdocs/Nelson/xd/PI-Nelson/vendor/psy/psysh/src/Shell.php(1865): Psy/Shell->setCode()
#5 C:/xampppp/htdocs/Nelson/xd/PI-Nelson/vendor/laravel/tinker/src/Console/TinkerCommand.php(77): Psy/Shell->execute()
#6 C:/xampppp/htdocs/Nelson/xd/PI-Nelson/vendor/laravel/framework/src/Illuminate/Container/BoundMethod.php(36): Laravel/Tinker/Console/TinkerCommand->handle()
#7 C:/xampppp/htdocs/Nelson/xd/PI-Nelson/vendor/laravel/framework/src/Illuminate/Container/Util.php(43): Illuminate/Container/BoundMethod::{closure:Illuminate/Container/BoundMethod::call():35}()
#8 C:/xampppp/htdocs/Nelson/xd/PI-Nelson/vendor/laravel/framework/src/Illuminate/Container/BoundMethod.php(96): Illuminate/Container/Util::unwrapIfClosure()
#9 C:/xampppp/htdocs/Nelson/xd/PI-Nelson/vendor/laravel/framework/src/Illuminate/Container/BoundMethod.php(35): Illuminate/Container/BoundMethod::callBoundMethod()
#10 C:/xampppp/htdocs/Nelson/xd/PI-Nelson/vendor/laravel/framework/src/Illuminate/Container/Container.php(799): Illuminate/Container/BoundMethod::call()
#11 C:/xampppp/htdocs/Nelson/xd/PI-Nelson/vendor/laravel/framework/src/Illuminate/Console/Command.php(211): Illuminate/Container/Container->call()
#12 C:/xampppp/htdocs/Nelson/xd/PI-Nelson/vendor/symfony/console/Command/Command.php(341): Illuminate/Console/Command->execute()
#13 C:/xampppp/htdocs/Nelson/xd/PI-Nelson/vendor/laravel/framework/src/Illuminate/Console/Command.php(180): Symfony/Component/Console/Command/Command->run()
#14 C:/xampppp/htdocs/Nelson/xd/PI-Nelson/vendor/symfony/console/Application.php(1117): Illuminate/Console/Command->run()
#15 C:/xampppp/htdocs/Nelson/xd/PI-Nelson/vendor/symfony/console/Application.php(356): Symfony/Component/Console/Application->doRunCommand()
#16 C:/xampppp/htdocs/Nelson/xd/PI-Nelson/vendor/symfony/console/Application.php(195): Symfony/Component/Console/Application->doRun()
#17 C:/xampppp/htdocs/Nelson/xd/PI-Nelson/vendor/laravel/framework/src/Illuminate/Foundation/Console/Kernel.php(198): Symfony/Component/Console/Application->run()
#18 C:/xampppp/htdocs/Nelson/xd/PI-Nelson/vendor/laravel/framework/src/Illuminate/Foundation/Application.php(1235): Illuminate/Foundation/Console/Kernel->handle()
#19 C:/xampppp/htdocs/Nelson/xd/PI-Nelson/artisan(16): Illuminate/Foundation/Application->handleCommand()
#20 {main}
"} 
[2026-03-26 05:19:07] local.ERROR: PHP Parse error: Syntax error, unexpected ')' on line 1 {"exception":"[object] (Psy\\Exception\\ParseErrorException(code: 0): PHP Parse error: Syntax error, unexpected ')' on line 1 at C:/xampppp/htdocs/Nelson/xd/PI-Nelson/vendor/psy/psysh/src/Exception/ParseErrorException.php:44)
[stacktrace]
#0 C:/xampppp/htdocs/Nelson/xd/PI-Nelson/vendor/psy/psysh/src/CodeCleaner.php(488): Psy/Exception/ParseErrorException::fromParseError()
#1 C:/xampppp/htdocs/Nelson/xd/PI-Nelson/vendor/psy/psysh/src/CodeCleaner.php(269): Psy/CodeCleaner->parse()
#2 C:/xampppp/htdocs/Nelson/xd/PI-Nelson/vendor/psy/psysh/src/Shell.php(1282): Psy/CodeCleaner->clean()
#3 C:/xampppp/htdocs/Nelson/xd/PI-Nelson/vendor/psy/psysh/src/Shell.php(1315): Psy/Shell->addCode()
#4 C:/xampppp/htdocs/Nelson/xd/PI-Nelson/vendor/psy/psysh/src/Shell.php(1865): Psy/Shell->setCode()
#5 C:/xampppp/htdocs/Nelson/xd/PI-Nelson/vendor/laravel/tinker/src/Console/TinkerCommand.php(77): Psy/Shell->execute()
#6 C:/xampppp/htdocs/Nelson/xd/PI-Nelson/vendor/laravel/framework/src/Illuminate/Container/BoundMethod.php(36): Laravel/Tinker/Console/TinkerCommand->handle()
#7 C:/xampppp/htdocs/Nelson/xd/PI-Nelson/vendor/laravel/framework/src/Illuminate/Container/Util.php(43): Illuminate/Container/BoundMethod::{closure:Illuminate/Container/BoundMethod::call():35}()
#8 C:/xampppp/htdocs/Nelson/xd/PI-Nelson/vendor/laravel/framework/src/Illuminate/Container/BoundMethod.php(96): Illuminate/Container/Util::unwrapIfClosure()
#9 C:/xampppp/htdocs/Nelson/xd/PI-Nelson/vendor/laravel/framework/src/Illuminate/Container/BoundMethod.php(35): Illuminate/Container/BoundMethod::callBoundMethod()
#10 C:/xampppp/htdocs/Nelson/xd/PI-Nelson/vendor/laravel/framework/src/Illuminate/Container/Container.php(799): Illuminate/Container/BoundMethod::call()
#11 C:/xampppp/htdocs/Nelson/xd/PI-Nelson/vendor/laravel/framework/src/Illuminate/Console/Command.php(211): Illuminate/Container/Container->call()
#12 C:/xampppp/htdocs/Nelson/xd/PI-Nelson/vendor/symfony/console/Command/Command.php(341): Illuminate/Console/Command->execute()
#13 C:/xampppp/htdocs/Nelson/xd/PI-Nelson/vendor/laravel/framework/src/Illuminate/Console/Command.php(180): Symfony/Component/Console/Command/Command->run()
#14 C:/xampppp/htdocs/Nelson/xd/PI-Nelson/vendor/symfony/console/Application.php(1117): Illuminate/Console/Command->run()
#15 C:/xampppp/htdocs/Nelson/xd/PI-Nelson/vendor/symfony/console/Application.php(356): Symfony/Component/Console/Application->doRunCommand()
#16 C:/xampppp/htdocs/Nelson/xd/PI-Nelson/vendor/symfony/console/Application.php(195): Symfony/Component/Console/Application->doRun()
#17 C:/xampppp/htdocs/Nelson/xd/PI-Nelson/vendor/laravel/framework/src/Illuminate/Foundation/Console/Kernel.php(198): Symfony/Component/Console/Application->run()
#18 C:/xampppp/htdocs/Nelson/xd/PI-Nelson/vendor/laravel/framework/src/Illuminate/Foundation/Application.php(1235): Illuminate/Foundation/Console/Kernel->handle()
#19 C:/xampppp/htdocs/Nelson/xd/PI-Nelson/artisan(16): Illuminate/Foundation/Application->handleCommand()
#20 {main}
"} 
[2026-03-26 05:25:31] local.ERROR: SQLSTATE[23000]: Integrity constraint violation: 19 NOT NULL constraint failed: activos.area_id (Connection: sqlite, Database: C:\xampppp\htdocs\Nelson\xd\PI-Nelson\database\database.sqlite, SQL: insert into "activos" ("nombre", "categoria_id", "estado", "qr_code", "updated_at", "created_at") values (Multímetro Industrial Fluke, 1, Disponible, SIGAF-EG8YAP4C, 2026-03-26 05:25:31, 2026-03-26 05:25:31)) {"userId":5,"exception":"[object] (Illuminate\\Database\\QueryException(code: 23000): SQLSTATE[23000]: Integrity constraint violation: 19 NOT NULL constraint failed: activos.area_id (Connection: sqlite, Database: C:\\xampppp\\htdocs\\Nelson\\xd\\PI-Nelson\\database\\database.sqlite, SQL: insert into \"activos\" (\"nombre\", \"categoria_id\", \"estado\", \"qr_code\", \"updated_at\", \"created_at\") values (Multímetro Industrial Fluke, 1, Disponible, SIGAF-EG8YAP4C, 2026-03-26 05:25:31, 2026-03-26 05:25:31)) at C:/xampppp/htdocs/Nelson/xd/PI-Nelson/vendor/laravel/framework/src/Illuminate/Database/Connection.php:838)
[stacktrace]
#0 C:/xampppp/htdocs/Nelson/xd/PI-Nelson/vendor/laravel/framework/src/Illuminate/Database/Connection.php(794): Illuminate/Database/Connection->runQueryCallback()
#1 C:/xampppp/htdocs/Nelson/xd/PI-Nelson/vendor/laravel/framework/src/Illuminate/Database/Connection.php(573): Illuminate/Database/Connection->run()
#2 C:/xampppp/htdocs/Nelson/xd/PI-Nelson/vendor/laravel/framework/src/Illuminate/Database/Connection.php(537): Illuminate/Database/Connection->statement()
#3 C:/xampppp/htdocs/Nelson/xd/PI-Nelson/vendor/laravel/framework/src/Illuminate/Database/Query/Processors/Processor.php(32): Illuminate/Database/Connection->insert()
#4 C:/xampppp/htdocs/Nelson/xd/PI-Nelson/vendor/laravel/framework/src/Illuminate/Database/Query/Builder.php(4140): Illuminate/Database/Query/Processors/Processor->processInsertGetId()
#5 C:/xampppp/htdocs/Nelson/xd/PI-Nelson/vendor/laravel/framework/src/Illuminate/Database/Eloquent/Builder.php(2235): Illuminate/Database/Query/Builder->insertGetId()
#6 C:/xampppp/htdocs/Nelson/xd/PI-Nelson/vendor/laravel/framework/src/Illuminate/Database/Eloquent/Model.php(1436): Illuminate/Database/Eloquent/Builder->__call()
#7 C:/xampppp/htdocs/Nelson/xd/PI-Nelson/vendor/laravel/framework/src/Illuminate/Database/Eloquent/Model.php(1401): Illuminate/Database/Eloquent/Model->insertAndSetId()
#8 C:/xampppp/htdocs/Nelson/xd/PI-Nelson/vendor/laravel/framework/src/Illuminate/Database/Eloquent/Model.php(1240): Illuminate/Database/Eloquent/Model->performInsert()
#9 C:/xampppp/htdocs/Nelson/xd/PI-Nelson/app/Http/Controllers/AssetController.php(47): Illuminate/Database/Eloquent/Model->save()
#10 C:/xampppp/htdocs/Nelson/xd/PI-Nelson/vendor/laravel/framework/src/Illuminate/Routing/ControllerDispatcher.php(46): App/Http/Controllers/AssetController->store()
#11 C:/xampppp/htdocs/Nelson/xd/PI-Nelson/vendor/laravel/framework/src/Illuminate/Routing/Route.php(265): Illuminate/Routing/ControllerDispatcher->dispatch()
#12 C:/xampppp/htdocs/Nelson/xd/PI-Nelson/vendor/laravel/framework/src/Illuminate/Routing/Route.php(211): Illuminate/Routing/Route->runController()
#13 C:/xampppp/htdocs/Nelson/xd/PI-Nelson/vendor/laravel/framework/src/Illuminate/Routing/Router.php(822): Illuminate/Routing/Route->run()
#14 C:/xampppp/htdocs/Nelson/xd/PI-Nelson/vendor/laravel/framework/src/Illuminate/Pipeline/Pipeline.php(180): Illuminate/Routing/Router->{closure:Illuminate/Routing/Router::runRouteWithinStack():821}()
#15 C:/xampppp/htdocs/Nelson/xd/PI-Nelson/vendor/laravel/framework/src/Illuminate/Routing/Middleware/SubstituteBindings.php(50): Illuminate/Pipeline/Pipeline->{closure:Illuminate/Pipeline/Pipeline::prepareDestination():178}()
#16 C:/xampppp/htdocs/Nelson/xd/PI-Nelson/vendor/laravel/framework/src/Illuminate/Pipeline/Pipeline.php(219): Illuminate/Routing/Middleware/SubstituteBindings->handle()
#17 C:/xampppp/htdocs/Nelson/xd/PI-Nelson/vendor/laravel/framework/src/Illuminate/Auth/Middleware/Authenticate.php(63): Illuminate/Pipeline/Pipeline->{closure:{closure:Illuminate/Pipeline/Pipeline::carry():194}:195}()
#18 C:/xampppp/htdocs/Nelson/xd/PI-Nelson/vendor/laravel/framework/src/Illuminate/Pipeline/Pipeline.php(219): Illuminate/Auth/Middleware/Authenticate->handle()
#19 C:/xampppp/htdocs/Nelson/xd/PI-Nelson/vendor/laravel/framework/src/Illuminate/Pipeline/Pipeline.php(137): Illuminate/Pipeline/Pipeline->{closure:{closure:Illuminate/Pipeline/Pipeline::carry():194}:195}()
#20 C:/xampppp/htdocs/Nelson/xd/PI-Nelson/vendor/laravel/framework/src/Illuminate/Routing/Router.php(821): Illuminate/Pipeline/Pipeline->then()
#21 C:/xampppp/htdocs/Nelson/xd/PI-Nelson/vendor/laravel/framework/src/Illuminate/Routing/Router.php(800): Illuminate/Routing/Router->runRouteWithinStack()
#22 C:/xampppp/htdocs/Nelson/xd/PI-Nelson/vendor/laravel/framework/src/Illuminate/Routing/Router.php(764): Illuminate/Routing/Router->runRoute()
#23 C:/xampppp/htdocs/Nelson/xd/PI-Nelson/vendor/laravel/framework/src/Illuminate/Routing/Router.php(753): Illuminate/Routing/Router->dispatchToRoute()
#24 C:/xampppp/htdocs/Nelson/xd/PI-Nelson/vendor/laravel/framework/src/Illuminate/Foundation/Http/Kernel.php(200): Illuminate/Routing/Router->dispatch()
#25 C:/xampppp/htdocs/Nelson/xd/PI-Nelson/vendor/laravel/framework/src/Illuminate/Pipeline/Pipeline.php(180): Illuminate/Foundation/Http/Kernel->{closure:Illuminate/Foundation/Http/Kernel::dispatchToRouter():197}()
#26 C:/xampppp/htdocs/Nelson/xd/PI-Nelson/vendor/laravel/framework/src/Illuminate/Foundation/Http/Middleware/TransformsRequest.php(21): Illuminate/Pipeline/Pipeline->{closure:Illuminate/Pipeline/Pipeline::prepareDestination():178}()
#27 C:/xampppp/htdocs/Nelson/xd/PI-Nelson/vendor/laravel/framework/src/Illuminate/Foundation/Http/Middleware/ConvertEmptyStringsToNull.php(31): Illuminate/Foundation/Http/Middleware/TransformsRequest->handle()
#28 C:/xampppp/htdocs/Nelson/xd/PI-Nelson/vendor/laravel/framework/src/Illuminate/Pipeline/Pipeline.php(219): Illuminate/Foundation/Http/Middleware/ConvertEmptyStringsToNull->handle()
#29 C:/xampppp/htdocs/Nelson/xd/PI-Nelson/vendor/laravel/framework/src/Illuminate/Foundation/Http/Middleware/TransformsRequest.php(21): Illuminate/Pipeline/Pipeline->{closure:{closure:Illuminate/Pipeline/Pipeline::carry():194}:195}()
#30 C:/xampppp/htdocs/Nelson/xd/PI-Nelson/vendor/laravel/framework/src/Illuminate/Foundation/Http/Middleware/TrimStrings.php(51): Illuminate/Foundation/Http/Middleware/TransformsRequest->handle()
#31 C:/xampppp/htdocs/Nelson/xd/PI-Nelson/vendor/laravel/framework/src/Illuminate/Pipeline/Pipeline.php(219): Illuminate/Foundation/Http/Middleware/TrimStrings->handle()
#32 C:/xampppp/htdocs/Nelson/xd/PI-Nelson/vendor/laravel/framework/src/Illuminate/Http/Middleware/ValidatePostSize.php(27): Illuminate/Pipeline/Pipeline->{closure:{closure:Illuminate/Pipeline/Pipeline::carry():194}:195}()
#33 C:/xampppp/htdocs/Nelson/xd/PI-Nelson/vendor/laravel/framework/src/Illuminate/Pipeline/Pipeline.php(219): Illuminate/Http/Middleware/ValidatePostSize->handle()
#34 C:/xampppp/htdocs/Nelson/xd/PI-Nelson/vendor/laravel/framework/src/Illuminate/Foundation/Http/Middleware/PreventRequestsDuringMaintenance.php(109): Illuminate/Pipeline/Pipeline->{closure:{closure:Illuminate/Pipeline/Pipeline::carry():194}:195}()
#35 C:/xampppp/htdocs/Nelson/xd/PI-Nelson/vendor/laravel/framework/src/Illuminate/Pipeline/Pipeline.php(219): Illuminate/Foundation/Http/Middleware/PreventRequestsDuringMaintenance->handle()
#36 C:/xampppp/htdocs/Nelson/xd/PI-Nelson/vendor/laravel/framework/src/Illuminate/Http/Middleware/HandleCors.php(74): Illuminate/Pipeline/Pipeline->{closure:{closure:Illuminate/Pipeline/Pipeline::carry():194}:195}()
#37 C:/xampppp/htdocs/Nelson/xd/PI-Nelson/vendor/laravel/framework/src/Illuminate/Pipeline/Pipeline.php(219): Illuminate/Http/Middleware/HandleCors->handle()
#38 C:/xampppp/htdocs/Nelson/xd/PI-Nelson/vendor/laravel/framework/src/Illuminate/Http/Middleware/TrustProxies.php(58): Illuminate/Pipeline/Pipeline->{closure:{closure:Illuminate/Pipeline/Pipeline::carry():194}:195}()
#39 C:/xampppp/htdocs/Nelson/xd/PI-Nelson/vendor/laravel/framework/src/Illuminate/Pipeline/Pipeline.php(219): Illuminate/Http/Middleware/TrustProxies->handle()
#40 C:/xampppp/htdocs/Nelson/xd/PI-Nelson/vendor/laravel/framework/src/Illuminate/Foundation/Http/Middleware/InvokeDeferredCallbacks.php(22): Illuminate/Pipeline/Pipeline->{closure:{closure:Illuminate/Pipeline/Pipeline::carry():194}:195}()
#41 C:/xampppp/htdocs/Nelson/xd/PI-Nelson/vendor/laravel/framework/src/Illuminate/Pipeline/Pipeline.php(219): Illuminate/Foundation/Http/Middleware/InvokeDeferredCallbacks->handle()
#42 C:/xampppp/htdocs/Nelson/xd/PI-Nelson/vendor/laravel/framework/src/Illuminate/Http/Middleware/ValidatePathEncoding.php(26): Illuminate/Pipeline/Pipeline->{closure:{closure:Illuminate/Pipeline/Pipeline::carry():194}:195}()
#43 C:/xampppp/htdocs/Nelson/xd/PI-Nelson/vendor/laravel/framework/src/Illuminate/Pipeline/Pipeline.php(219): Illuminate/Http/Middleware/ValidatePathEncoding->handle()
#44 C:/xampppp/htdocs/Nelson/xd/PI-Nelson/vendor/laravel/framework/src/Illuminate/Pipeline/Pipeline.php(137): Illuminate/Pipeline/Pipeline->{closure:{closure:Illuminate/Pipeline/Pipeline::carry():194}:195}()
#45 C:/xampppp/htdocs/Nelson/xd/PI-Nelson/vendor/laravel/framework/src/Illuminate/Foundation/Http/Kernel.php(175): Illuminate/Pipeline/Pipeline->then()
#46 C:/xampppp/htdocs/Nelson/xd/PI-Nelson/vendor/laravel/framework/src/Illuminate/Foundation/Http/Kernel.php(144): Illuminate/Foundation/Http/Kernel->sendRequestThroughRouter()
#47 C:/xampppp/htdocs/Nelson/xd/PI-Nelson/vendor/laravel/framework/src/Illuminate/Foundation/Application.php(1220): Illuminate/Foundation/Http/Kernel->handle()
#48 C:/xampppp/htdocs/Nelson/xd/PI-Nelson/public/index.php(20): Illuminate/Foundation/Application->handleRequest()
#49 C:/xampppp/htdocs/Nelson/xd/PI-Nelson/vendor/laravel/framework/src/Illuminate/Foundation/resources/server.php(23): require_once('...')
#50 {main}

[previous exception] [object] (PDOException(code: 23000): SQLSTATE[23000]: Integrity constraint violation: 19 NOT NULL constraint failed: activos.area_id at C:/xampppp/htdocs/Nelson/xd/PI-Nelson/vendor/laravel/framework/src/Illuminate/Database/Connection.php:584)
[stacktrace]
#0 C:/xampppp/htdocs/Nelson/xd/PI-Nelson/vendor/laravel/framework/src/Illuminate/Database/Connection.php(584): PDOStatement->execute()
#1 C:/xampppp/htdocs/Nelson/xd/PI-Nelson/vendor/laravel/framework/src/Illuminate/Database/Connection.php(827): Illuminate/Database/Connection->{closure:Illuminate/Database/Connection::statement():573}()
#2 C:/xampppp/htdocs/Nelson/xd/PI-Nelson/vendor/laravel/framework/src/Illuminate/Database/Connection.php(794): Illuminate/Database/Connection->runQueryCallback()
#3 C:/xampppp/htdocs/Nelson/xd/PI-Nelson/vendor/laravel/framework/src/Illuminate/Database/Connection.php(573): Illuminate/Database/Connection->run()
#4 C:/xampppp/htdocs/Nelson/xd/PI-Nelson/vendor/laravel/framework/src/Illuminate/Database/Connection.php(537): Illuminate/Database/Connection->statement()
#5 C:/xampppp/htdocs/Nelson/xd/PI-Nelson/vendor/laravel/framework/src/Illuminate/Database/Query/Processors/Processor.php(32): Illuminate/Database/Connection->insert()
#6 C:/xampppp/htdocs/Nelson/xd/PI-Nelson/vendor/laravel/framework/src/Illuminate/Database/Query/Builder.php(4140): Illuminate/Database/Query/Processors/Processor->processInsertGetId()
#7 C:/xampppp/htdocs/Nelson/xd/PI-Nelson/vendor/laravel/framework/src/Illuminate/Database/Eloquent/Builder.php(2235): Illuminate/Database/Query/Builder->insertGetId()
#8 C:/xampppp/htdocs/Nelson/xd/PI-Nelson/vendor/laravel/framework/src/Illuminate/Database/Eloquent/Model.php(1436): Illuminate/Database/Eloquent/Builder->__call()
#9 C:/xampppp/htdocs/Nelson/xd/PI-Nelson/vendor/laravel/framework/src/Illuminate/Database/Eloquent/Model.php(1401): Illuminate/Database/Eloquent/Model->insertAndSetId()
#10 C:/xampppp/htdocs/Nelson/xd/PI-Nelson/vendor/laravel/framework/src/Illuminate/Database/Eloquent/Model.php(1240): Illuminate/Database/Eloquent/Model->performInsert()
#11 C:/xampppp/htdocs/Nelson/xd/PI-Nelson/app/Http/Controllers/AssetController.php(47): Illuminate/Database/Eloquent/Model->save()
#12 C:/xampppp/htdocs/Nelson/xd/PI-Nelson/vendor/laravel/framework/src/Illuminate/Routing/ControllerDispatcher.php(46): App/Http/Controllers/AssetController->store()
#13 C:/xampppp/htdocs/Nelson/xd/PI-Nelson/vendor/laravel/framework/src/Illuminate/Routing/Route.php(265): Illuminate/Routing/ControllerDispatcher->dispatch()
#14 C:/xampppp/htdocs/Nelson/xd/PI-Nelson/vendor/laravel/framework/src/Illuminate/Routing/Route.php(211): Illuminate/Routing/Route->runController()
#15 C:/xampppp/htdocs/Nelson/xd/PI-Nelson/vendor/laravel/framework/src/Illuminate/Routing/Router.php(822): Illuminate/Routing/Route->run()
#16 C:/xampppp/htdocs/Nelson/xd/PI-Nelson/vendor/laravel/framework/src/Illuminate/Pipeline/Pipeline.php(180): Illuminate/Routing/Router->{closure:Illuminate/Routing/Router::runRouteWithinStack():821}()
#17 C:/xampppp/htdocs/Nelson/xd/PI-Nelson/vendor/laravel/framework/src/Illuminate/Routing/Middleware/SubstituteBindings.php(50): Illuminate/Pipeline/Pipeline->{closure:Illuminate/Pipeline/Pipeline::prepareDestination():178}()
#18 C:/xampppp/htdocs/Nelson/xd/PI-Nelson/vendor/laravel/framework/src/Illuminate/Pipeline/Pipeline.php(219): Illuminate/Routing/Middleware/SubstituteBindings->handle()
#19 C:/xampppp/htdocs/Nelson/xd/PI-Nelson/vendor/laravel/framework/src/Illuminate/Auth/Middleware/Authenticate.php(63): Illuminate/Pipeline/Pipeline->{closure:{closure:Illuminate/Pipeline/Pipeline::carry():194}:195}()
#20 C:/xampppp/htdocs/Nelson/xd/PI-Nelson/vendor/laravel/framework/src/Illuminate/Pipeline/Pipeline.php(219): Illuminate/Auth/Middleware/Authenticate->handle()
#21 C:/xampppp/htdocs/Nelson/xd/PI-Nelson/vendor/laravel/framework/src/Illuminate/Pipeline/Pipeline.php(137): Illuminate/Pipeline/Pipeline->{closure:{closure:Illuminate/Pipeline/Pipeline::carry():194}:195}()
#22 C:/xampppp/htdocs/Nelson/xd/PI-Nelson/vendor/laravel/framework/src/Illuminate/Routing/Router.php(821): Illuminate/Pipeline/Pipeline->then()
#23 C:/xampppp/htdocs/Nelson/xd/PI-Nelson/vendor/laravel/framework/src/Illuminate/Routing/Router.php(800): Illuminate/Routing/Router->runRouteWithinStack()
#24 C:/xampppp/htdocs/Nelson/xd/PI-Nelson/vendor/laravel/framework/src/Illuminate/Routing/Router.php(764): Illuminate/Routing/Router->runRoute()
#25 C:/xampppp/htdocs/Nelson/xd/PI-Nelson/vendor/laravel/framework/src/Illuminate/Routing/Router.php(753): Illuminate/Routing/Router->dispatchToRoute()
#26 C:/xampppp/htdocs/Nelson/xd/PI-Nelson/vendor/laravel/framework/src/Illuminate/Foundation/Http/Kernel.php(200): Illuminate/Routing/Router->dispatch()
#27 C:/xampppp/htdocs/Nelson/xd/PI-Nelson/vendor/laravel/framework/src/Illuminate/Pipeline/Pipeline.php(180): Illuminate/Foundation/Http/Kernel->{closure:Illuminate/Foundation/Http/Kernel::dispatchToRouter():197}()
#28 C:/xampppp/htdocs/Nelson/xd/PI-Nelson/vendor/laravel/framework/src/Illuminate/Foundation/Http/Middleware/TransformsRequest.php(21): Illuminate/Pipeline/Pipeline->{closure:Illuminate/Pipeline/Pipeline::prepareDestination():178}()
#29 C:/xampppp/htdocs/Nelson/xd/PI-Nelson/vendor/laravel/framework/src/Illuminate/Foundation/Http/Middleware/ConvertEmptyStringsToNull.php(31): Illuminate/Foundation/Http/Middleware/TransformsRequest->handle()
#30 C:/xampppp/htdocs/Nelson/xd/PI-Nelson/vendor/laravel/framework/src/Illuminate/Pipeline/Pipeline.php(219): Illuminate/Foundation/Http/Middleware/ConvertEmptyStringsToNull->handle()
#31 C:/xampppp/htdocs/Nelson/xd/PI-Nelson/vendor/laravel/framework/src/Illuminate/Foundation/Http/Middleware/TransformsRequest.php(21): Illuminate/Pipeline/Pipeline->{closure:{closure:Illuminate/Pipeline/Pipeline::carry():194}:195}()
#32 C:/xampppp/htdocs/Nelson/xd/PI-Nelson/vendor/laravel/framework/src/Illuminate/Foundation/Http/Middleware/TrimStrings.php(51): Illuminate/Foundation/Http/Middleware/TransformsRequest->handle()
#33 C:/xampppp/htdocs/Nelson/xd/PI-Nelson/vendor/laravel/framework/src/Illuminate/Pipeline/Pipeline.php(219): Illuminate/Foundation/Http/Middleware/TrimStrings->handle()
#34 C:/xampppp/htdocs/Nelson/xd/PI-Nelson/vendor/laravel/framework/src/Illuminate/Http/Middleware/ValidatePostSize.php(27): Illuminate/Pipeline/Pipeline->{closure:{closure:Illuminate/Pipeline/Pipeline::carry():194}:195}()
#35 C:/xampppp/htdocs/Nelson/xd/PI-Nelson/vendor/laravel/framework/src/Illuminate/Pipeline/Pipeline.php(219): Illuminate/Http/Middleware/ValidatePostSize->handle()
#36 C:/xampppp/htdocs/Nelson/xd/PI-Nelson/vendor/laravel/framework/src/Illuminate/Foundation/Http/Middleware/PreventRequestsDuringMaintenance.php(109): Illuminate/Pipeline/Pipeline->{closure:{closure:Illuminate/Pipeline/Pipeline::carry():194}:195}()
#37 C:/xampppp/htdocs/Nelson/xd/PI-Nelson/vendor/laravel/framework/src/Illuminate/Pipeline/Pipeline.php(219): Illuminate/Foundation/Http/Middleware/PreventRequestsDuringMaintenance->handle()
#38 C:/xampppp/htdocs/Nelson/xd/PI-Nelson/vendor/laravel/framework/src/Illuminate/Http/Middleware/HandleCors.php(74): Illuminate/Pipeline/Pipeline->{closure:{closure:Illuminate/Pipeline/Pipeline::carry():194}:195}()
#39 C:/xampppp/htdocs/Nelson/xd/PI-Nelson/vendor/laravel/framework/src/Illuminate/Pipeline/Pipeline.php(219): Illuminate/Http/Middleware/HandleCors->handle()
#40 C:/xampppp/htdocs/Nelson/xd/PI-Nelson/vendor/laravel/framework/src/Illuminate/Http/Middleware/TrustProxies.php(58): Illuminate/Pipeline/Pipeline->{closure:{closure:Illuminate/Pipeline/Pipeline::carry():194}:195}()
#41 C:/xampppp/htdocs/Nelson/xd/PI-Nelson/vendor/laravel/framework/src/Illuminate/Pipeline/Pipeline.php(219): Illuminate/Http/Middleware/TrustProxies->handle()
#42 C:/xampppp/htdocs/Nelson/xd/PI-Nelson/vendor/laravel/framework/src/Illuminate/Foundation/Http/Middleware/InvokeDeferredCallbacks.php(22): Illuminate/Pipeline/Pipeline->{closure:{closure:Illuminate/Pipeline/Pipeline::carry():194}:195}()
#43 C:/xampppp/htdocs/Nelson/xd/PI-Nelson/vendor/laravel/framework/src/Illuminate/Pipeline/Pipeline.php(219): Illuminate/Foundation/Http/Middleware/InvokeDeferredCallbacks->handle()
#44 C:/xampppp/htdocs/Nelson/xd/PI-Nelson/vendor/laravel/framework/src/Illuminate/Http/Middleware/ValidatePathEncoding.php(26): Illuminate/Pipeline/Pipeline->{closure:{closure:Illuminate/Pipeline/Pipeline::carry():194}:195}()
#45 C:/xampppp/htdocs/Nelson/xd/PI-Nelson/vendor/laravel/framework/src/Illuminate/Pipeline/Pipeline.php(219): Illuminate/Http/Middleware/ValidatePathEncoding->handle()
#46 C:/xampppp/htdocs/Nelson/xd/PI-Nelson/vendor/laravel/framework/src/Illuminate/Pipeline/Pipeline.php(137): Illuminate/Pipeline/Pipeline->{closure:{closure:Illuminate/Pipeline/Pipeline::carry():194}:195}()
#47 C:/xampppp/htdocs/Nelson/xd/PI-Nelson/vendor/laravel/framework/src/Illuminate/Foundation/Http/Kernel.php(175): Illuminate/Pipeline/Pipeline->then()
#48 C:/xampppp/htdocs/Nelson/xd/PI-Nelson/vendor/laravel/framework/src/Illuminate/Foundation/Http/Kernel.php(144): Illuminate/Foundation/Http/Kernel->sendRequestThroughRouter()
#49 C:/xampppp/htdocs/Nelson/xd/PI-Nelson/vendor/laravel/framework/src/Illuminate/Foundation/Application.php(1220): Illuminate/Foundation/Http/Kernel->handle()
#50 C:/xampppp/htdocs/Nelson/xd/PI-Nelson/public/index.php(20): Illuminate/Foundation/Application->handleRequest()
#51 C:/xampppp/htdocs/Nelson/xd/PI-Nelson/vendor/laravel/framework/src/Illuminate/Foundation/resources/server.php(23): require_once('...')
#52 {main}
"} 
[2026-03-26 05:25:45] local.ERROR: SQLSTATE[23000]: Integrity constraint violation: 19 NOT NULL constraint failed: activos.area_id (Connection: sqlite, Database: C:\xampppp\htdocs\Nelson\xd\PI-Nelson\database\database.sqlite, SQL: insert into "activos" ("nombre", "categoria_id", "estado", "qr_code", "updated_at", "created_at") values (Multímetro Industrial Fluke, 1, Disponible, SIGAF-ZUFTAJD1, 2026-03-26 05:25:45, 2026-03-26 05:25:45)) {"userId":5,"exception":"[object] (Illuminate\\Database\\QueryException(code: 23000): SQLSTATE[23000]: Integrity constraint violation: 19 NOT NULL constraint failed: activos.area_id (Connection: sqlite, Database: C:\\xampppp\\htdocs\\Nelson\\xd\\PI-Nelson\\database\\database.sqlite, SQL: insert into \"activos\" (\"nombre\", \"categoria_id\", \"estado\", \"qr_code\", \"updated_at\", \"created_at\") values (Multímetro Industrial Fluke, 1, Disponible, SIGAF-ZUFTAJD1, 2026-03-26 05:25:45, 2026-03-26 05:25:45)) at C:/xampppp/htdocs/Nelson/xd/PI-Nelson/vendor/laravel/framework/src/Illuminate/Database/Connection.php:838)
[stacktrace]
#0 C:/xampppp/htdocs/Nelson/xd/PI-Nelson/vendor/laravel/framework/src/Illuminate/Database/Connection.php(794): Illuminate/Database/Connection->runQueryCallback()
#1 C:/xampppp/htdocs/Nelson/xd/PI-Nelson/vendor/laravel/framework/src/Illuminate/Database/Connection.php(573): Illuminate/Database/Connection->run()
#2 C:/xampppp/htdocs/Nelson/xd/PI-Nelson/vendor/laravel/framework/src/Illuminate/Database/Connection.php(537): Illuminate/Database/Connection->statement()
#3 C:/xampppp/htdocs/Nelson/xd/PI-Nelson/vendor/laravel/framework/src/Illuminate/Database/Query/Processors/Processor.php(32): Illuminate/Database/Connection->insert()
#4 C:/xampppp/htdocs/Nelson/xd/PI-Nelson/vendor/laravel/framework/src/Illuminate/Database/Query/Builder.php(4140): Illuminate/Database/Query/Processors/Processor->processInsertGetId()
#5 C:/xampppp/htdocs/Nelson/xd/PI-Nelson/vendor/laravel/framework/src/Illuminate/Database/Eloquent/Builder.php(2235): Illuminate/Database/Query/Builder->insertGetId()
#6 C:/xampppp/htdocs/Nelson/xd/PI-Nelson/vendor/laravel/framework/src/Illuminate/Database/Eloquent/Model.php(1436): Illuminate/Database/Eloquent/Builder->__call()
#7 C:/xampppp/htdocs/Nelson/xd/PI-Nelson/vendor/laravel/framework/src/Illuminate/Database/Eloquent/Model.php(1401): Illuminate/Database/Eloquent/Model->insertAndSetId()
#8 C:/xampppp/htdocs/Nelson/xd/PI-Nelson/vendor/laravel/framework/src/Illuminate/Database/Eloquent/Model.php(1240): Illuminate/Database/Eloquent/Model->performInsert()
#9 C:/xampppp/htdocs/Nelson/xd/PI-Nelson/app/Http/Controllers/AssetController.php(47): Illuminate/Database/Eloquent/Model->save()
#10 C:/xampppp/htdocs/Nelson/xd/PI-Nelson/vendor/laravel/framework/src/Illuminate/Routing/ControllerDispatcher.php(46): App/Http/Controllers/AssetController->store()
#11 C:/xampppp/htdocs/Nelson/xd/PI-Nelson/vendor/laravel/framework/src/Illuminate/Routing/Route.php(265): Illuminate/Routing/ControllerDispatcher->dispatch()
#12 C:/xampppp/htdocs/Nelson/xd/PI-Nelson/vendor/laravel/framework/src/Illuminate/Routing/Route.php(211): Illuminate/Routing/Route->runController()
#13 C:/xampppp/htdocs/Nelson/xd/PI-Nelson/vendor/laravel/framework/src/Illuminate/Routing/Router.php(822): Illuminate/Routing/Route->run()
#14 C:/xampppp/htdocs/Nelson/xd/PI-Nelson/vendor/laravel/framework/src/Illuminate/Pipeline/Pipeline.php(180): Illuminate/Routing/Router->{closure:Illuminate/Routing/Router::runRouteWithinStack():821}()
#15 C:/xampppp/htdocs/Nelson/xd/PI-Nelson/vendor/laravel/framework/src/Illuminate/Routing/Middleware/SubstituteBindings.php(50): Illuminate/Pipeline/Pipeline->{closure:Illuminate/Pipeline/Pipeline::prepareDestination():178}()
#16 C:/xampppp/htdocs/Nelson/xd/PI-Nelson/vendor/laravel/framework/src/Illuminate/Pipeline/Pipeline.php(219): Illuminate/Routing/Middleware/SubstituteBindings->handle()
#17 C:/xampppp/htdocs/Nelson/xd/PI-Nelson/vendor/laravel/framework/src/Illuminate/Auth/Middleware/Authenticate.php(63): Illuminate/Pipeline/Pipeline->{closure:{closure:Illuminate/Pipeline/Pipeline::carry():194}:195}()
#18 C:/xampppp/htdocs/Nelson/xd/PI-Nelson/vendor/laravel/framework/src/Illuminate/Pipeline/Pipeline.php(219): Illuminate/Auth/Middleware/Authenticate->handle()
#19 C:/xampppp/htdocs/Nelson/xd/PI-Nelson/vendor/laravel/framework/src/Illuminate/Pipeline/Pipeline.php(137): Illuminate/Pipeline/Pipeline->{closure:{closure:Illuminate/Pipeline/Pipeline::carry():194}:195}()
#20 C:/xampppp/htdocs/Nelson/xd/PI-Nelson/vendor/laravel/framework/src/Illuminate/Routing/Router.php(821): Illuminate/Pipeline/Pipeline->then()
#21 C:/xampppp/htdocs/Nelson/xd/PI-Nelson/vendor/laravel/framework/src/Illuminate/Routing/Router.php(800): Illuminate/Routing/Router->runRouteWithinStack()
#22 C:/xampppp/htdocs/Nelson/xd/PI-Nelson/vendor/laravel/framework/src/Illuminate/Routing/Router.php(764): Illuminate/Routing/Router->runRoute()
#23 C:/xampppp/htdocs/Nelson/xd/PI-Nelson/vendor/laravel/framework/src/Illuminate/Routing/Router.php(753): Illuminate/Routing/Router->dispatchToRoute()
#24 C:/xampppp/htdocs/Nelson/xd/PI-Nelson/vendor/laravel/framework/src/Illuminate/Foundation/Http/Kernel.php(200): Illuminate/Routing/Router->dispatch()
#25 C:/xampppp/htdocs/Nelson/xd/PI-Nelson/vendor/laravel/framework/src/Illuminate/Pipeline/Pipeline.php(180): Illuminate/Foundation/Http/Kernel->{closure:Illuminate/Foundation/Http/Kernel::dispatchToRouter():197}()
#26 C:/xampppp/htdocs/Nelson/xd/PI-Nelson/vendor/laravel/framework/src/Illuminate/Foundation/Http/Middleware/TransformsRequest.php(21): Illuminate/Pipeline/Pipeline->{closure:Illuminate/Pipeline/Pipeline::prepareDestination():178}()
#27 C:/xampppp/htdocs/Nelson/xd/PI-Nelson/vendor/laravel/framework/src/Illuminate/Foundation/Http/Middleware/ConvertEmptyStringsToNull.php(31): Illuminate/Foundation/Http/Middleware/TransformsRequest->handle()
#28 C:/xampppp/htdocs/Nelson/xd/PI-Nelson/vendor/laravel/framework/src/Illuminate/Pipeline/Pipeline.php(219): Illuminate/Foundation/Http/Middleware/ConvertEmptyStringsToNull->handle()
#29 C:/xampppp/htdocs/Nelson/xd/PI-Nelson/vendor/laravel/framework/src/Illuminate/Foundation/Http/Middleware/TransformsRequest.php(21): Illuminate/Pipeline/Pipeline->{closure:{closure:Illuminate/Pipeline/Pipeline::carry():194}:195}()
#30 C:/xampppp/htdocs/Nelson/xd/PI-Nelson/vendor/laravel/framework/src/Illuminate/Foundation/Http/Middleware/TrimStrings.php(51): Illuminate/Foundation/Http/Middleware/TransformsRequest->handle()
#31 C:/xampppp/htdocs/Nelson/xd/PI-Nelson/vendor/laravel/framework/src/Illuminate/Pipeline/Pipeline.php(219): Illuminate/Foundation/Http/Middleware/TrimStrings->handle()
#32 C:/xampppp/htdocs/Nelson/xd/PI-Nelson/vendor/laravel/framework/src/Illuminate/Http/Middleware/ValidatePostSize.php(27): Illuminate/Pipeline/Pipeline->{closure:{closure:Illuminate/Pipeline/Pipeline::carry():194}:195}()
#33 C:/xampppp/htdocs/Nelson/xd/PI-Nelson/vendor/laravel/framework/src/Illuminate/Pipeline/Pipeline.php(219): Illuminate/Http/Middleware/ValidatePostSize->handle()
#34 C:/xampppp/htdocs/Nelson/xd/PI-Nelson/vendor/laravel/framework/src/Illuminate/Foundation/Http/Middleware/PreventRequestsDuringMaintenance.php(109): Illuminate/Pipeline/Pipeline->{closure:{closure:Illuminate/Pipeline/Pipeline::carry():194}:195}()
#35 C:/xampppp/htdocs/Nelson/xd/PI-Nelson/vendor/laravel/framework/src/Illuminate/Pipeline/Pipeline.php(219): Illuminate/Foundation/Http/Middleware/PreventRequestsDuringMaintenance->handle()
#36 C:/xampppp/htdocs/Nelson/xd/PI-Nelson/vendor/laravel/framework/src/Illuminate/Http/Middleware/HandleCors.php(74): Illuminate/Pipeline/Pipeline->{closure:{closure:Illuminate/Pipeline/Pipeline::carry():194}:195}()
#37 C:/xampppp/htdocs/Nelson/xd/PI-Nelson/vendor/laravel/framework/src/Illuminate/Pipeline/Pipeline.php(219): Illuminate/Http/Middleware/HandleCors->handle()
#38 C:/xampppp/htdocs/Nelson/xd/PI-Nelson/vendor/laravel/framework/src/Illuminate/Http/Middleware/TrustProxies.php(58): Illuminate/Pipeline/Pipeline->{closure:{closure:Illuminate/Pipeline/Pipeline::carry():194}:195}()
#39 C:/xampppp/htdocs/Nelson/xd/PI-Nelson/vendor/laravel/framework/src/Illuminate/Pipeline/Pipeline.php(219): Illuminate/Http/Middleware/TrustProxies->handle()
#40 C:/xampppp/htdocs/Nelson/xd/PI-Nelson/vendor/laravel/framework/src/Illuminate/Foundation/Http/Middleware/InvokeDeferredCallbacks.php(22): Illuminate/Pipeline/Pipeline->{closure:{closure:Illuminate/Pipeline/Pipeline::carry():194}:195}()
#41 C:/xampppp/htdocs/Nelson/xd/PI-Nelson/vendor/laravel/framework/src/Illuminate/Pipeline/Pipeline.php(219): Illuminate/Foundation/Http/Middleware/InvokeDeferredCallbacks->handle()
#42 C:/xampppp/htdocs/Nelson/xd/PI-Nelson/vendor/laravel/framework/src/Illuminate/Http/Middleware/ValidatePathEncoding.php(26): Illuminate/Pipeline/Pipeline->{closure:{closure:Illuminate/Pipeline/Pipeline::carry():194}:195}()
#43 C:/xampppp/htdocs/Nelson/xd/PI-Nelson/vendor/laravel/framework/src/Illuminate/Pipeline/Pipeline.php(219): Illuminate/Http/Middleware/ValidatePathEncoding->handle()
#44 C:/xampppp/htdocs/Nelson/xd/PI-Nelson/vendor/laravel/framework/src/Illuminate/Pipeline/Pipeline.php(137): Illuminate/Pipeline/Pipeline->{closure:{closure:Illuminate/Pipeline/Pipeline::carry():194}:195}()
#45 C:/xampppp/htdocs/Nelson/xd/PI-Nelson/vendor/laravel/framework/src/Illuminate/Foundation/Http/Kernel.php(175): Illuminate/Pipeline/Pipeline->then()
#46 C:/xampppp/htdocs/Nelson/xd/PI-Nelson/vendor/laravel/framework/src/Illuminate/Foundation/Http/Kernel.php(144): Illuminate/Foundation/Http/Kernel->sendRequestThroughRouter()
#47 C:/xampppp/htdocs/Nelson/xd/PI-Nelson/vendor/laravel/framework/src/Illuminate/Foundation/Application.php(1220): Illuminate/Foundation/Http/Kernel->handle()
#48 C:/xampppp/htdocs/Nelson/xd/PI-Nelson/public/index.php(20): Illuminate/Foundation/Application->handleRequest()
#49 C:/xampppp/htdocs/Nelson/xd/PI-Nelson/vendor/laravel/framework/src/Illuminate/Foundation/resources/server.php(23): require_once('...')
#50 {main}

[previous exception] [object] (PDOException(code: 23000): SQLSTATE[23000]: Integrity constraint violation: 19 NOT NULL constraint failed: activos.area_id at C:/xampppp/htdocs/Nelson/xd/PI-Nelson/vendor/laravel/framework/src/Illuminate/Database/Connection.php:584)
[stacktrace]
#0 C:/xampppp/htdocs/Nelson/xd/PI-Nelson/vendor/laravel/framework/src/Illuminate/Database/Connection.php(584): PDOStatement->execute()
#1 C:/xampppp/htdocs/Nelson/xd/PI-Nelson/vendor/laravel/framework/src/Illuminate/Database/Connection.php(827): Illuminate/Database/Connection->{closure:Illuminate/Database/Connection::statement():573}()
#2 C:/xampppp/htdocs/Nelson/xd/PI-Nelson/vendor/laravel/framework/src/Illuminate/Database/Connection.php(794): Illuminate/Database/Connection->runQueryCallback()
#3 C:/xampppp/htdocs/Nelson/xd/PI-Nelson/vendor/laravel/framework/src/Illuminate/Database/Connection.php(573): Illuminate/Database/Connection->run()
#4 C:/xampppp/htdocs/Nelson/xd/PI-Nelson/vendor/laravel/framework/src/Illuminate/Database/Connection.php(537): Illuminate/Database/Connection->statement()
#5 C:/xampppp/htdocs/Nelson/xd/PI-Nelson/vendor/laravel/framework/src/Illuminate/Database/Query/Processors/Processor.php(32): Illuminate/Database/Connection->insert()
#6 C:/xampppp/htdocs/Nelson/xd/PI-Nelson/vendor/laravel/framework/src/Illuminate/Database/Query/Builder.php(4140): Illuminate/Database/Query/Processors/Processor->processInsertGetId()
#7 C:/xampppp/htdocs/Nelson/xd/PI-Nelson/vendor/laravel/framework/src/Illuminate/Database/Eloquent/Builder.php(2235): Illuminate/Database/Query/Builder->insertGetId()
#8 C:/xampppp/htdocs/Nelson/xd/PI-Nelson/vendor/laravel/framework/src/Illuminate/Database/Eloquent/Model.php(1436): Illuminate/Database/Eloquent/Builder->__call()
#9 C:/xampppp/htdocs/Nelson/xd/PI-Nelson/vendor/laravel/framework/src/Illuminate/Database/Eloquent/Model.php(1401): Illuminate/Database/Eloquent/Model->insertAndSetId()
#10 C:/xampppp/htdocs/Nelson/xd/PI-Nelson/vendor/laravel/framework/src/Illuminate/Database/Eloquent/Model.php(1240): Illuminate/Database/Eloquent/Model->performInsert()
#11 C:/xampppp/htdocs/Nelson/xd/PI-Nelson/app/Http/Controllers/AssetController.php(47): Illuminate/Database/Eloquent/Model->save()
#12 C:/xampppp/htdocs/Nelson/xd/PI-Nelson/vendor/laravel/framework/src/Illuminate/Routing/ControllerDispatcher.php(46): App/Http/Controllers/AssetController->store()
#13 C:/xampppp/htdocs/Nelson/xd/PI-Nelson/vendor/laravel/framework/src/Illuminate/Routing/Route.php(265): Illuminate/Routing/ControllerDispatcher->dispatch()
#14 C:/xampppp/htdocs/Nelson/xd/PI-Nelson/vendor/laravel/framework/src/Illuminate/Routing/Route.php(211): Illuminate/Routing/Route->runController()
#15 C:/xampppp/htdocs/Nelson/xd/PI-Nelson/vendor/laravel/framework/src/Illuminate/Routing/Router.php(822): Illuminate/Routing/Route->run()
#16 C:/xampppp/htdocs/Nelson/xd/PI-Nelson/vendor/laravel/framework/src/Illuminate/Pipeline/Pipeline.php(180): Illuminate/Routing/Router->{closure:Illuminate/Routing/Router::runRouteWithinStack():821}()
#17 C:/xampppp/htdocs/Nelson/xd/PI-Nelson/vendor/laravel/framework/src/Illuminate/Routing/Middleware/SubstituteBindings.php(50): Illuminate/Pipeline/Pipeline->{closure:Illuminate/Pipeline/Pipeline::prepareDestination():178}()
#18 C:/xampppp/htdocs/Nelson/xd/PI-Nelson/vendor/laravel/framework/src/Illuminate/Pipeline/Pipeline.php(219): Illuminate/Routing/Middleware/SubstituteBindings->handle()
#19 C:/xampppp/htdocs/Nelson/xd/PI-Nelson/vendor/laravel/framework/src/Illuminate/Auth/Middleware/Authenticate.php(63): Illuminate/Pipeline/Pipeline->{closure:{closure:Illuminate/Pipeline/Pipeline::carry():194}:195}()
#20 C:/xampppp/htdocs/Nelson/xd/PI-Nelson/vendor/laravel/framework/src/Illuminate/Pipeline/Pipeline.php(219): Illuminate/Auth/Middleware/Authenticate->handle()
#21 C:/xampppp/htdocs/Nelson/xd/PI-Nelson/vendor/laravel/framework/src/Illuminate/Pipeline/Pipeline.php(137): Illuminate/Pipeline/Pipeline->{closure:{closure:Illuminate/Pipeline/Pipeline::carry():194}:195}()
#22 C:/xampppp/htdocs/Nelson/xd/PI-Nelson/vendor/laravel/framework/src/Illuminate/Routing/Router.php(821): Illuminate/Pipeline/Pipeline->then()
#23 C:/xampppp/htdocs/Nelson/xd/PI-Nelson/vendor/laravel/framework/src/Illuminate/Routing/Router.php(800): Illuminate/Routing/Router->runRouteWithinStack()
#24 C:/xampppp/htdocs/Nelson/xd/PI-Nelson/vendor/laravel/framework/src/Illuminate/Routing/Router.php(764): Illuminate/Routing/Router->runRoute()
#25 C:/xampppp/htdocs/Nelson/xd/PI-Nelson/vendor/laravel/framework/src/Illuminate/Routing/Router.php(753): Illuminate/Routing/Router->dispatchToRoute()
#26 C:/xampppp/htdocs/Nelson/xd/PI-Nelson/vendor/laravel/framework/src/Illuminate/Foundation/Http/Kernel.php(200): Illuminate/Routing/Router->dispatch()
#27 C:/xampppp/htdocs/Nelson/xd/PI-Nelson/vendor/laravel/framework/src/Illuminate/Pipeline/Pipeline.php(180): Illuminate/Foundation/Http/Kernel->{closure:Illuminate/Foundation/Http/Kernel::dispatchToRouter():197}()
#28 C:/xampppp/htdocs/Nelson/xd/PI-Nelson/vendor/laravel/framework/src/Illuminate/Foundation/Http/Middleware/TransformsRequest.php(21): Illuminate/Pipeline/Pipeline->{closure:Illuminate/Pipeline/Pipeline::prepareDestination():178}()
#29 C:/xampppp/htdocs/Nelson/xd/PI-Nelson/vendor/laravel/framework/src/Illuminate/Foundation/Http/Middleware/ConvertEmptyStringsToNull.php(31): Illuminate/Foundation/Http/Middleware/TransformsRequest->handle()
#30 C:/xampppp/htdocs/Nelson/xd/PI-Nelson/vendor/laravel/framework/src/Illuminate/Pipeline/Pipeline.php(219): Illuminate/Foundation/Http/Middleware/ConvertEmptyStringsToNull->handle()
#31 C:/xampppp/htdocs/Nelson/xd/PI-Nelson/vendor/laravel/framework/src/Illuminate/Foundation/Http/Middleware/TransformsRequest.php(21): Illuminate/Pipeline/Pipeline->{closure:{closure:Illuminate/Pipeline/Pipeline::carry():194}:195}()
#32 C:/xampppp/htdocs/Nelson/xd/PI-Nelson/vendor/laravel/framework/src/Illuminate/Foundation/Http/Middleware/TrimStrings.php(51): Illuminate/Foundation/Http/Middleware/TransformsRequest->handle()
#33 C:/xampppp/htdocs/Nelson/xd/PI-Nelson/vendor/laravel/framework/src/Illuminate/Pipeline/Pipeline.php(219): Illuminate/Foundation/Http/Middleware/TrimStrings->handle()
#34 C:/xampppp/htdocs/Nelson/xd/PI-Nelson/vendor/laravel/framework/src/Illuminate/Http/Middleware/ValidatePostSize.php(27): Illuminate/Pipeline/Pipeline->{closure:{closure:Illuminate/Pipeline/Pipeline::carry():194}:195}()
#35 C:/xampppp/htdocs/Nelson/xd/PI-Nelson/vendor/laravel/framework/src/Illuminate/Pipeline/Pipeline.php(219): Illuminate/Http/Middleware/ValidatePostSize->handle()
#36 C:/xampppp/htdocs/Nelson/xd/PI-Nelson/vendor/laravel/framework/src/Illuminate/Foundation/Http/Middleware/PreventRequestsDuringMaintenance.php(109): Illuminate/Pipeline/Pipeline->{closure:{closure:Illuminate/Pipeline/Pipeline::carry():194}:195}()
#37 C:/xampppp/htdocs/Nelson/xd/PI-Nelson/vendor/laravel/framework/src/Illuminate/Pipeline/Pipeline.php(219): Illuminate/Foundation/Http/Middleware/PreventRequestsDuringMaintenance->handle()
#38 C:/xampppp/htdocs/Nelson/xd/PI-Nelson/vendor/laravel/framework/src/Illuminate/Http/Middleware/HandleCors.php(74): Illuminate/Pipeline/Pipeline->{closure:{closure:Illuminate/Pipeline/Pipeline::carry():194}:195}()
#39 C:/xampppp/htdocs/Nelson/xd/PI-Nelson/vendor/laravel/framework/src/Illuminate/Pipeline/Pipeline.php(219): Illuminate/Http/Middleware/HandleCors->handle()
#40 C:/xampppp/htdocs/Nelson/xd/PI-Nelson/vendor/laravel/framework/src/Illuminate/Http/Middleware/TrustProxies.php(58): Illuminate/Pipeline/Pipeline->{closure:{closure:Illuminate/Pipeline/Pipeline::carry():194}:195}()
#41 C:/xampppp/htdocs/Nelson/xd/PI-Nelson/vendor/laravel/framework/src/Illuminate/Pipeline/Pipeline.php(219): Illuminate/Http/Middleware/TrustProxies->handle()
#42 C:/xampppp/htdocs/Nelson/xd/PI-Nelson/vendor/laravel/framework/src/Illuminate/Foundation/Http/Middleware/InvokeDeferredCallbacks.php(22): Illuminate/Pipeline/Pipeline->{closure:{closure:Illuminate/Pipeline/Pipeline::carry():194}:195}()
#43 C:/xampppp/htdocs/Nelson/xd/PI-Nelson/vendor/laravel/framework/src/Illuminate/Pipeline/Pipeline.php(219): Illuminate/Foundation/Http/Middleware/InvokeDeferredCallbacks->handle()
#44 C:/xampppp/htdocs/Nelson/xd/PI-Nelson/vendor/laravel/framework/src/Illuminate/Http/Middleware/ValidatePathEncoding.php(26): Illuminate/Pipeline/Pipeline->{closure:{closure:Illuminate/Pipeline/Pipeline::carry():194}:195}()
#45 C:/xampppp/htdocs/Nelson/xd/PI-Nelson/vendor/laravel/framework/src/Illuminate/Pipeline/Pipeline.php(219): Illuminate/Http/Middleware/ValidatePathEncoding->handle()
#46 C:/xampppp/htdocs/Nelson/xd/PI-Nelson/vendor/laravel/framework/src/Illuminate/Pipeline/Pipeline.php(137): Illuminate/Pipeline/Pipeline->{closure:{closure:Illuminate/Pipeline/Pipeline::carry():194}:195}()
#47 C:/xampppp/htdocs/Nelson/xd/PI-Nelson/vendor/laravel/framework/src/Illuminate/Foundation/Http/Kernel.php(175): Illuminate/Pipeline/Pipeline->then()
#48 C:/xampppp/htdocs/Nelson/xd/PI-Nelson/vendor/laravel/framework/src/Illuminate/Foundation/Http/Kernel.php(144): Illuminate/Foundation/Http/Kernel->sendRequestThroughRouter()
#49 C:/xampppp/htdocs/Nelson/xd/PI-Nelson/vendor/laravel/framework/src/Illuminate/Foundation/Application.php(1220): Illuminate/Foundation/Http/Kernel->handle()
#50 C:/xampppp/htdocs/Nelson/xd/PI-Nelson/public/index.php(20): Illuminate/Foundation/Application->handleRequest()
#51 C:/xampppp/htdocs/Nelson/xd/PI-Nelson/vendor/laravel/framework/src/Illuminate/Foundation/resources/server.php(23): require_once('...')
#52 {main}
"} 
[2026-03-26 05:25:46] local.ERROR: SQLSTATE[23000]: Integrity constraint violation: 19 NOT NULL constraint failed: activos.area_id (Connection: sqlite, Database: C:\xampppp\htdocs\Nelson\xd\PI-Nelson\database\database.sqlite, SQL: insert into "activos" ("nombre", "categoria_id", "estado", "qr_code", "updated_at", "created_at") values (Multímetro Industrial Fluke, 1, Disponible, SIGAF-LZJLHYWI, 2026-03-26 05:25:46, 2026-03-26 05:25:46)) {"userId":5,"exception":"[object] (Illuminate\\Database\\QueryException(code: 23000): SQLSTATE[23000]: Integrity constraint violation: 19 NOT NULL constraint failed: activos.area_id (Connection: sqlite, Database: C:\\xampppp\\htdocs\\Nelson\\xd\\PI-Nelson\\database\\database.sqlite, SQL: insert into \"activos\" (\"nombre\", \"categoria_id\", \"estado\", \"qr_code\", \"updated_at\", \"created_at\") values (Multímetro Industrial Fluke, 1, Disponible, SIGAF-LZJLHYWI, 2026-03-26 05:25:46, 2026-03-26 05:25:46)) at C:/xampppp/htdocs/Nelson/xd/PI-Nelson/vendor/laravel/framework/src/Illuminate/Database/Connection.php:838)
[stacktrace]
#0 C:/xampppp/htdocs/Nelson/xd/PI-Nelson/vendor/laravel/framework/src/Illuminate/Database/Connection.php(794): Illuminate/Database/Connection->runQueryCallback()
#1 C:/xampppp/htdocs/Nelson/xd/PI-Nelson/vendor/laravel/framework/src/Illuminate/Database/Connection.php(573): Illuminate/Database/Connection->run()
#2 C:/xampppp/htdocs/Nelson/xd/PI-Nelson/vendor/laravel/framework/src/Illuminate/Database/Connection.php(537): Illuminate/Database/Connection->statement()
#3 C:/xampppp/htdocs/Nelson/xd/PI-Nelson/vendor/laravel/framework/src/Illuminate/Database/Query/Processors/Processor.php(32): Illuminate/Database/Connection->insert()
#4 C:/xampppp/htdocs/Nelson/xd/PI-Nelson/vendor/laravel/framework/src/Illuminate/Database/Query/Builder.php(4140): Illuminate/Database/Query/Processors/Processor->processInsertGetId()
#5 C:/xampppp/htdocs/Nelson/xd/PI-Nelson/vendor/laravel/framework/src/Illuminate/Database/Eloquent/Builder.php(2235): Illuminate/Database/Query/Builder->insertGetId()
#6 C:/xampppp/htdocs/Nelson/xd/PI-Nelson/vendor/laravel/framework/src/Illuminate/Database/Eloquent/Model.php(1436): Illuminate/Database/Eloquent/Builder->__call()
#7 C:/xampppp/htdocs/Nelson/xd/PI-Nelson/vendor/laravel/framework/src/Illuminate/Database/Eloquent/Model.php(1401): Illuminate/Database/Eloquent/Model->insertAndSetId()
#8 C:/xampppp/htdocs/Nelson/xd/PI-Nelson/vendor/laravel/framework/src/Illuminate/Database/Eloquent/Model.php(1240): Illuminate/Database/Eloquent/Model->performInsert()
#9 C:/xampppp/htdocs/Nelson/xd/PI-Nelson/app/Http/Controllers/AssetController.php(47): Illuminate/Database/Eloquent/Model->save()
#10 C:/xampppp/htdocs/Nelson/xd/PI-Nelson/vendor/laravel/framework/src/Illuminate/Routing/ControllerDispatcher.php(46): App/Http/Controllers/AssetController->store()
#11 C:/xampppp/htdocs/Nelson/xd/PI-Nelson/vendor/laravel/framework/src/Illuminate/Routing/Route.php(265): Illuminate/Routing/ControllerDispatcher->dispatch()
#12 C:/xampppp/htdocs/Nelson/xd/PI-Nelson/vendor/laravel/framework/src/Illuminate/Routing/Route.php(211): Illuminate/Routing/Route->runController()
#13 C:/xampppp/htdocs/Nelson/xd/PI-Nelson/vendor/laravel/framework/src/Illuminate/Routing/Router.php(822): Illuminate/Routing/Route->run()
#14 C:/xampppp/htdocs/Nelson/xd/PI-Nelson/vendor/laravel/framework/src/Illuminate/Pipeline/Pipeline.php(180): Illuminate/Routing/Router->{closure:Illuminate/Routing/Router::runRouteWithinStack():821}()
#15 C:/xampppp/htdocs/Nelson/xd/PI-Nelson/vendor/laravel/framework/src/Illuminate/Routing/Middleware/SubstituteBindings.php(50): Illuminate/Pipeline/Pipeline->{closure:Illuminate/Pipeline/Pipeline::prepareDestination():178}()
#16 C:/xampppp/htdocs/Nelson/xd/PI-Nelson/vendor/laravel/framework/src/Illuminate/Pipeline/Pipeline.php(219): Illuminate/Routing/Middleware/SubstituteBindings->handle()
#17 C:/xampppp/htdocs/Nelson/xd/PI-Nelson/vendor/laravel/framework/src/Illuminate/Auth/Middleware/Authenticate.php(63): Illuminate/Pipeline/Pipeline->{closure:{closure:Illuminate/Pipeline/Pipeline::carry():194}:195}()
#18 C:/xampppp/htdocs/Nelson/xd/PI-Nelson/vendor/laravel/framework/src/Illuminate/Pipeline/Pipeline.php(219): Illuminate/Auth/Middleware/Authenticate->handle()
#19 C:/xampppp/htdocs/Nelson/xd/PI-Nelson/vendor/laravel/framework/src/Illuminate/Pipeline/Pipeline.php(137): Illuminate/Pipeline/Pipeline->{closure:{closure:Illuminate/Pipeline/Pipeline::carry():194}:195}()
#20 C:/xampppp/htdocs/Nelson/xd/PI-Nelson/vendor/laravel/framework/src/Illuminate/Routing/Router.php(821): Illuminate/Pipeline/Pipeline->then()
#21 C:/xampppp/htdocs/Nelson/xd/PI-Nelson/vendor/laravel/framework/src/Illuminate/Routing/Router.php(800): Illuminate/Routing/Router->runRouteWithinStack()
#22 C:/xampppp/htdocs/Nelson/xd/PI-Nelson/vendor/laravel/framework/src/Illuminate/Routing/Router.php(764): Illuminate/Routing/Router->runRoute()
#23 C:/xampppp/htdocs/Nelson/xd/PI-Nelson/vendor/laravel/framework/src/Illuminate/Routing/Router.php(753): Illuminate/Routing/Router->dispatchToRoute()
#24 C:/xampppp/htdocs/Nelson/xd/PI-Nelson/vendor/laravel/framework/src/Illuminate/Foundation/Http/Kernel.php(200): Illuminate/Routing/Router->dispatch()
#25 C:/xampppp/htdocs/Nelson/xd/PI-Nelson/vendor/laravel/framework/src/Illuminate/Pipeline/Pipeline.php(180): Illuminate/Foundation/Http/Kernel->{closure:Illuminate/Foundation/Http/Kernel::dispatchToRouter():197}()
#26 C:/xampppp/htdocs/Nelson/xd/PI-Nelson/vendor/laravel/framework/src/Illuminate/Foundation/Http/Middleware/TransformsRequest.php(21): Illuminate/Pipeline/Pipeline->{closure:Illuminate/Pipeline/Pipeline::prepareDestination():178}()
#27 C:/xampppp/htdocs/Nelson/xd/PI-Nelson/vendor/laravel/framework/src/Illuminate/Foundation/Http/Middleware/ConvertEmptyStringsToNull.php(31): Illuminate/Foundation/Http/Middleware/TransformsRequest->handle()
#28 C:/xampppp/htdocs/Nelson/xd/PI-Nelson/vendor/laravel/framework/src/Illuminate/Pipeline/Pipeline.php(219): Illuminate/Foundation/Http/Middleware/ConvertEmptyStringsToNull->handle()
#29 C:/xampppp/htdocs/Nelson/xd/PI-Nelson/vendor/laravel/framework/src/Illuminate/Foundation/Http/Middleware/TransformsRequest.php(21): Illuminate/Pipeline/Pipeline->{closure:{closure:Illuminate/Pipeline/Pipeline::carry():194}:195}()
#30 C:/xampppp/htdocs/Nelson/xd/PI-Nelson/vendor/laravel/framework/src/Illuminate/Foundation/Http/Middleware/TrimStrings.php(51): Illuminate/Foundation/Http/Middleware/TransformsRequest->handle()
#31 C:/xampppp/htdocs/Nelson/xd/PI-Nelson/vendor/laravel/framework/src/Illuminate/Pipeline/Pipeline.php(219): Illuminate/Foundation/Http/Middleware/TrimStrings->handle()
#32 C:/xampppp/htdocs/Nelson/xd/PI-Nelson/vendor/laravel/framework/src/Illuminate/Http/Middleware/ValidatePostSize.php(27): Illuminate/Pipeline/Pipeline->{closure:{closure:Illuminate/Pipeline/Pipeline::carry():194}:195}()
#33 C:/xampppp/htdocs/Nelson/xd/PI-Nelson/vendor/laravel/framework/src/Illuminate/Pipeline/Pipeline.php(219): Illuminate/Http/Middleware/ValidatePostSize->handle()
#34 C:/xampppp/htdocs/Nelson/xd/PI-Nelson/vendor/laravel/framework/src/Illuminate/Foundation/Http/Middleware/PreventRequestsDuringMaintenance.php(109): Illuminate/Pipeline/Pipeline->{closure:{closure:Illuminate/Pipeline/Pipeline::carry():194}:195}()
#35 C:/xampppp/htdocs/Nelson/xd/PI-Nelson/vendor/laravel/framework/src/Illuminate/Pipeline/Pipeline.php(219): Illuminate/Foundation/Http/Middleware/PreventRequestsDuringMaintenance->handle()
#36 C:/xampppp/htdocs/Nelson/xd/PI-Nelson/vendor/laravel/framework/src/Illuminate/Http/Middleware/HandleCors.php(74): Illuminate/Pipeline/Pipeline->{closure:{closure:Illuminate/Pipeline/Pipeline::carry():194}:195}()
#37 C:/xampppp/htdocs/Nelson/xd/PI-Nelson/vendor/laravel/framework/src/Illuminate/Pipeline/Pipeline.php(219): Illuminate/Http/Middleware/HandleCors->handle()
#38 C:/xampppp/htdocs/Nelson/xd/PI-Nelson/vendor/laravel/framework/src/Illuminate/Http/Middleware/TrustProxies.php(58): Illuminate/Pipeline/Pipeline->{closure:{closure:Illuminate/Pipeline/Pipeline::carry():194}:195}()
#39 C:/xampppp/htdocs/Nelson/xd/PI-Nelson/vendor/laravel/framework/src/Illuminate/Pipeline/Pipeline.php(219): Illuminate/Http/Middleware/TrustProxies->handle()
#40 C:/xampppp/htdocs/Nelson/xd/PI-Nelson/vendor/laravel/framework/src/Illuminate/Foundation/Http/Middleware/InvokeDeferredCallbacks.php(22): Illuminate/Pipeline/Pipeline->{closure:{closure:Illuminate/Pipeline/Pipeline::carry():194}:195}()
#41 C:/xampppp/htdocs/Nelson/xd/PI-Nelson/vendor/laravel/framework/src/Illuminate/Pipeline/Pipeline.php(219): Illuminate/Foundation/Http/Middleware/InvokeDeferredCallbacks->handle()
#42 C:/xampppp/htdocs/Nelson/xd/PI-Nelson/vendor/laravel/framework/src/Illuminate/Http/Middleware/ValidatePathEncoding.php(26): Illuminate/Pipeline/Pipeline->{closure:{closure:Illuminate/Pipeline/Pipeline::carry():194}:195}()
#43 C:/xampppp/htdocs/Nelson/xd/PI-Nelson/vendor/laravel/framework/src/Illuminate/Pipeline/Pipeline.php(219): Illuminate/Http/Middleware/ValidatePathEncoding->handle()
#44 C:/xampppp/htdocs/Nelson/xd/PI-Nelson/vendor/laravel/framework/src/Illuminate/Pipeline/Pipeline.php(137): Illuminate/Pipeline/Pipeline->{closure:{closure:Illuminate/Pipeline/Pipeline::carry():194}:195}()
#45 C:/xampppp/htdocs/Nelson/xd/PI-Nelson/vendor/laravel/framework/src/Illuminate/Foundation/Http/Kernel.php(175): Illuminate/Pipeline/Pipeline->then()
#46 C:/xampppp/htdocs/Nelson/xd/PI-Nelson/vendor/laravel/framework/src/Illuminate/Foundation/Http/Kernel.php(144): Illuminate/Foundation/Http/Kernel->sendRequestThroughRouter()
#47 C:/xampppp/htdocs/Nelson/xd/PI-Nelson/vendor/laravel/framework/src/Illuminate/Foundation/Application.php(1220): Illuminate/Foundation/Http/Kernel->handle()
#48 C:/xampppp/htdocs/Nelson/xd/PI-Nelson/public/index.php(20): Illuminate/Foundation/Application->handleRequest()
#49 C:/xampppp/htdocs/Nelson/xd/PI-Nelson/vendor/laravel/framework/src/Illuminate/Foundation/resources/server.php(23): require_once('...')
#50 {main}

[previous exception] [object] (PDOException(code: 23000): SQLSTATE[23000]: Integrity constraint violation: 19 NOT NULL constraint failed: activos.area_id at C:/xampppp/htdocs/Nelson/xd/PI-Nelson/vendor/laravel/framework/src/Illuminate/Database/Connection.php:584)
[stacktrace]
#0 C:/xampppp/htdocs/Nelson/xd/PI-Nelson/vendor/laravel/framework/src/Illuminate/Database/Connection.php(584): PDOStatement->execute()
#1 C:/xampppp/htdocs/Nelson/xd/PI-Nelson/vendor/laravel/framework/src/Illuminate/Database/Connection.php(827): Illuminate/Database/Connection->{closure:Illuminate/Database/Connection::statement():573}()
#2 C:/xampppp/htdocs/Nelson/xd/PI-Nelson/vendor/laravel/framework/src/Illuminate/Database/Connection.php(794): Illuminate/Database/Connection->runQueryCallback()
#3 C:/xampppp/htdocs/Nelson/xd/PI-Nelson/vendor/laravel/framework/src/Illuminate/Database/Connection.php(573): Illuminate/Database/Connection->run()
#4 C:/xampppp/htdocs/Nelson/xd/PI-Nelson/vendor/laravel/framework/src/Illuminate/Database/Connection.php(537): Illuminate/Database/Connection->statement()
#5 C:/xampppp/htdocs/Nelson/xd/PI-Nelson/vendor/laravel/framework/src/Illuminate/Database/Query/Processors/Processor.php(32): Illuminate/Database/Connection->insert()
#6 C:/xampppp/htdocs/Nelson/xd/PI-Nelson/vendor/laravel/framework/src/Illuminate/Database/Query/Builder.php(4140): Illuminate/Database/Query/Processors/Processor->processInsertGetId()
#7 C:/xampppp/htdocs/Nelson/xd/PI-Nelson/vendor/laravel/framework/src/Illuminate/Database/Eloquent/Builder.php(2235): Illuminate/Database/Query/Builder->insertGetId()
#8 C:/xampppp/htdocs/Nelson/xd/PI-Nelson/vendor/laravel/framework/src/Illuminate/Database/Eloquent/Model.php(1436): Illuminate/Database/Eloquent/Builder->__call()
#9 C:/xampppp/htdocs/Nelson/xd/PI-Nelson/vendor/laravel/framework/src/Illuminate/Database/Eloquent/Model.php(1401): Illuminate/Database/Eloquent/Model->insertAndSetId()
#10 C:/xampppp/htdocs/Nelson/xd/PI-Nelson/vendor/laravel/framework/src/Illuminate/Database/Eloquent/Model.php(1240): Illuminate/Database/Eloquent/Model->performInsert()
#11 C:/xampppp/htdocs/Nelson/xd/PI-Nelson/app/Http/Controllers/AssetController.php(47): Illuminate/Database/Eloquent/Model->save()
#12 C:/xampppp/htdocs/Nelson/xd/PI-Nelson/vendor/laravel/framework/src/Illuminate/Routing/ControllerDispatcher.php(46): App/Http/Controllers/AssetController->store()
#13 C:/xampppp/htdocs/Nelson/xd/PI-Nelson/vendor/laravel/framework/src/Illuminate/Routing/Route.php(265): Illuminate/Routing/ControllerDispatcher->dispatch()
#14 C:/xampppp/htdocs/Nelson/xd/PI-Nelson/vendor/laravel/framework/src/Illuminate/Routing/Route.php(211): Illuminate/Routing/Route->runController()
#15 C:/xampppp/htdocs/Nelson/xd/PI-Nelson/vendor/laravel/framework/src/Illuminate/Routing/Router.php(822): Illuminate/Routing/Route->run()
#16 C:/xampppp/htdocs/Nelson/xd/PI-Nelson/vendor/laravel/framework/src/Illuminate/Pipeline/Pipeline.php(180): Illuminate/Routing/Router->{closure:Illuminate/Routing/Router::runRouteWithinStack():821}()
#17 C:/xampppp/htdocs/Nelson/xd/PI-Nelson/vendor/laravel/framework/src/Illuminate/Routing/Middleware/SubstituteBindings.php(50): Illuminate/Pipeline/Pipeline->{closure:Illuminate/Pipeline/Pipeline::prepareDestination():178}()
#18 C:/xampppp/htdocs/Nelson/xd/PI-Nelson/vendor/laravel/framework/src/Illuminate/Pipeline/Pipeline.php(219): Illuminate/Routing/Middleware/SubstituteBindings->handle()
#19 C:/xampppp/htdocs/Nelson/xd/PI-Nelson/vendor/laravel/framework/src/Illuminate/Auth/Middleware/Authenticate.php(63): Illuminate/Pipeline/Pipeline->{closure:{closure:Illuminate/Pipeline/Pipeline::carry():194}:195}()
#20 C:/xampppp/htdocs/Nelson/xd/PI-Nelson/vendor/laravel/framework/src/Illuminate/Pipeline/Pipeline.php(219): Illuminate/Auth/Middleware/Authenticate->handle()
#21 C:/xampppp/htdocs/Nelson/xd/PI-Nelson/vendor/laravel/framework/src/Illuminate/Pipeline/Pipeline.php(137): Illuminate/Pipeline/Pipeline->{closure:{closure:Illuminate/Pipeline/Pipeline::carry():194}:195}()
#22 C:/xampppp/htdocs/Nelson/xd/PI-Nelson/vendor/laravel/framework/src/Illuminate/Routing/Router.php(821): Illuminate/Pipeline/Pipeline->then()
#23 C:/xampppp/htdocs/Nelson/xd/PI-Nelson/vendor/laravel/framework/src/Illuminate/Routing/Router.php(800): Illuminate/Routing/Router->runRouteWithinStack()
#24 C:/xampppp/htdocs/Nelson/xd/PI-Nelson/vendor/laravel/framework/src/Illuminate/Routing/Router.php(764): Illuminate/Routing/Router->runRoute()
#25 C:/xampppp/htdocs/Nelson/xd/PI-Nelson/vendor/laravel/framework/src/Illuminate/Routing/Router.php(753): Illuminate/Routing/Router->dispatchToRoute()
#26 C:/xampppp/htdocs/Nelson/xd/PI-Nelson/vendor/laravel/framework/src/Illuminate/Foundation/Http/Kernel.php(200): Illuminate/Routing/Router->dispatch()
#27 C:/xampppp/htdocs/Nelson/xd/PI-Nelson/vendor/laravel/framework/src/Illuminate/Pipeline/Pipeline.php(180): Illuminate/Foundation/Http/Kernel->{closure:Illuminate/Foundation/Http/Kernel::dispatchToRouter():197}()
#28 C:/xampppp/htdocs/Nelson/xd/PI-Nelson/vendor/laravel/framework/src/Illuminate/Foundation/Http/Middleware/TransformsRequest.php(21): Illuminate/Pipeline/Pipeline->{closure:Illuminate/Pipeline/Pipeline::prepareDestination():178}()
#29 C:/xampppp/htdocs/Nelson/xd/PI-Nelson/vendor/laravel/framework/src/Illuminate/Foundation/Http/Middleware/ConvertEmptyStringsToNull.php(31): Illuminate/Foundation/Http/Middleware/TransformsRequest->handle()
#30 C:/xampppp/htdocs/Nelson/xd/PI-Nelson/vendor/laravel/framework/src/Illuminate/Pipeline/Pipeline.php(219): Illuminate/Foundation/Http/Middleware/ConvertEmptyStringsToNull->handle()
#31 C:/xampppp/htdocs/Nelson/xd/PI-Nelson/vendor/laravel/framework/src/Illuminate/Foundation/Http/Middleware/TransformsRequest.php(21): Illuminate/Pipeline/Pipeline->{closure:{closure:Illuminate/Pipeline/Pipeline::carry():194}:195}()
#32 C:/xampppp/htdocs/Nelson/xd/PI-Nelson/vendor/laravel/framework/src/Illuminate/Foundation/Http/Middleware/TrimStrings.php(51): Illuminate/Foundation/Http/Middleware/TransformsRequest->handle()
#33 C:/xampppp/htdocs/Nelson/xd/PI-Nelson/vendor/laravel/framework/src/Illuminate/Pipeline/Pipeline.php(219): Illuminate/Foundation/Http/Middleware/TrimStrings->handle()
#34 C:/xampppp/htdocs/Nelson/xd/PI-Nelson/vendor/laravel/framework/src/Illuminate/Http/Middleware/ValidatePostSize.php(27): Illuminate/Pipeline/Pipeline->{closure:{closure:Illuminate/Pipeline/Pipeline::carry():194}:195}()
#35 C:/xampppp/htdocs/Nelson/xd/PI-Nelson/vendor/laravel/framework/src/Illuminate/Pipeline/Pipeline.php(219): Illuminate/Http/Middleware/ValidatePostSize->handle()
#36 C:/xampppp/htdocs/Nelson/xd/PI-Nelson/vendor/laravel/framework/src/Illuminate/Foundation/Http/Middleware/PreventRequestsDuringMaintenance.php(109): Illuminate/Pipeline/Pipeline->{closure:{closure:Illuminate/Pipeline/Pipeline::carry():194}:195}()
#37 C:/xampppp/htdocs/Nelson/xd/PI-Nelson/vendor/laravel/framework/src/Illuminate/Pipeline/Pipeline.php(219): Illuminate/Foundation/Http/Middleware/PreventRequestsDuringMaintenance->handle()
#38 C:/xampppp/htdocs/Nelson/xd/PI-Nelson/vendor/laravel/framework/src/Illuminate/Http/Middleware/HandleCors.php(74): Illuminate/Pipeline/Pipeline->{closure:{closure:Illuminate/Pipeline/Pipeline::carry():194}:195}()
#39 C:/xampppp/htdocs/Nelson/xd/PI-Nelson/vendor/laravel/framework/src/Illuminate/Pipeline/Pipeline.php(219): Illuminate/Http/Middleware/HandleCors->handle()
#40 C:/xampppp/htdocs/Nelson/xd/PI-Nelson/vendor/laravel/framework/src/Illuminate/Http/Middleware/TrustProxies.php(58): Illuminate/Pipeline/Pipeline->{closure:{closure:Illuminate/Pipeline/Pipeline::carry():194}:195}()
#41 C:/xampppp/htdocs/Nelson/xd/PI-Nelson/vendor/laravel/framework/src/Illuminate/Pipeline/Pipeline.php(219): Illuminate/Http/Middleware/TrustProxies->handle()
#42 C:/xampppp/htdocs/Nelson/xd/PI-Nelson/vendor/laravel/framework/src/Illuminate/Foundation/Http/Middleware/InvokeDeferredCallbacks.php(22): Illuminate/Pipeline/Pipeline->{closure:{closure:Illuminate/Pipeline/Pipeline::carry():194}:195}()
#43 C:/xampppp/htdocs/Nelson/xd/PI-Nelson/vendor/laravel/framework/src/Illuminate/Pipeline/Pipeline.php(219): Illuminate/Foundation/Http/Middleware/InvokeDeferredCallbacks->handle()
#44 C:/xampppp/htdocs/Nelson/xd/PI-Nelson/vendor/laravel/framework/src/Illuminate/Http/Middleware/ValidatePathEncoding.php(26): Illuminate/Pipeline/Pipeline->{closure:{closure:Illuminate/Pipeline/Pipeline::carry():194}:195}()
#45 C:/xampppp/htdocs/Nelson/xd/PI-Nelson/vendor/laravel/framework/src/Illuminate/Pipeline/Pipeline.php(219): Illuminate/Http/Middleware/ValidatePathEncoding->handle()
#46 C:/xampppp/htdocs/Nelson/xd/PI-Nelson/vendor/laravel/framework/src/Illuminate/Pipeline/Pipeline.php(137): Illuminate/Pipeline/Pipeline->{closure:{closure:Illuminate/Pipeline/Pipeline::carry():194}:195}()
#47 C:/xampppp/htdocs/Nelson/xd/PI-Nelson/vendor/laravel/framework/src/Illuminate/Foundation/Http/Kernel.php(175): Illuminate/Pipeline/Pipeline->then()
#48 C:/xampppp/htdocs/Nelson/xd/PI-Nelson/vendor/laravel/framework/src/Illuminate/Foundation/Http/Kernel.php(144): Illuminate/Foundation/Http/Kernel->sendRequestThroughRouter()
#49 C:/xampppp/htdocs/Nelson/xd/PI-Nelson/vendor/laravel/framework/src/Illuminate/Foundation/Application.php(1220): Illuminate/Foundation/Http/Kernel->handle()
#50 C:/xampppp/htdocs/Nelson/xd/PI-Nelson/public/index.php(20): Illuminate/Foundation/Application->handleRequest()
#51 C:/xampppp/htdocs/Nelson/xd/PI-Nelson/vendor/laravel/framework/src/Illuminate/Foundation/resources/server.php(23): require_once('...')
#52 {main}
"} 
[2026-03-26 05:25:47] local.ERROR: SQLSTATE[23000]: Integrity constraint violation: 19 NOT NULL constraint failed: activos.area_id (Connection: sqlite, Database: C:\xampppp\htdocs\Nelson\xd\PI-Nelson\database\database.sqlite, SQL: insert into "activos" ("nombre", "categoria_id", "estado", "qr_code", "updated_at", "created_at") values (Multímetro Industrial Fluke, 1, Disponible, SIGAF-HXR59TR7, 2026-03-26 05:25:47, 2026-03-26 05:25:47)) {"userId":5,"exception":"[object] (Illuminate\\Database\\QueryException(code: 23000): SQLSTATE[23000]: Integrity constraint violation: 19 NOT NULL constraint failed: activos.area_id (Connection: sqlite, Database: C:\\xampppp\\htdocs\\Nelson\\xd\\PI-Nelson\\database\\database.sqlite, SQL: insert into \"activos\" (\"nombre\", \"categoria_id\", \"estado\", \"qr_code\", \"updated_at\", \"created_at\") values (Multímetro Industrial Fluke, 1, Disponible, SIGAF-HXR59TR7, 2026-03-26 05:25:47, 2026-03-26 05:25:47)) at C:/xampppp/htdocs/Nelson/xd/PI-Nelson/vendor/laravel/framework/src/Illuminate/Database/Connection.php:838)
[stacktrace]
#0 C:/xampppp/htdocs/Nelson/xd/PI-Nelson/vendor/laravel/framework/src/Illuminate/Database/Connection.php(794): Illuminate/Database/Connection->runQueryCallback()
#1 C:/xampppp/htdocs/Nelson/xd/PI-Nelson/vendor/laravel/framework/src/Illuminate/Database/Connection.php(573): Illuminate/Database/Connection->run()
#2 C:/xampppp/htdocs/Nelson/xd/PI-Nelson/vendor/laravel/framework/src/Illuminate/Database/Connection.php(537): Illuminate/Database/Connection->statement()
#3 C:/xampppp/htdocs/Nelson/xd/PI-Nelson/vendor/laravel/framework/src/Illuminate/Database/Query/Processors/Processor.php(32): Illuminate/Database/Connection->insert()
#4 C:/xampppp/htdocs/Nelson/xd/PI-Nelson/vendor/laravel/framework/src/Illuminate/Database/Query/Builder.php(4140): Illuminate/Database/Query/Processors/Processor->processInsertGetId()
#5 C:/xampppp/htdocs/Nelson/xd/PI-Nelson/vendor/laravel/framework/src/Illuminate/Database/Eloquent/Builder.php(2235): Illuminate/Database/Query/Builder->insertGetId()
#6 C:/xampppp/htdocs/Nelson/xd/PI-Nelson/vendor/laravel/framework/src/Illuminate/Database/Eloquent/Model.php(1436): Illuminate/Database/Eloquent/Builder->__call()
#7 C:/xampppp/htdocs/Nelson/xd/PI-Nelson/vendor/laravel/framework/src/Illuminate/Database/Eloquent/Model.php(1401): Illuminate/Database/Eloquent/Model->insertAndSetId()
#8 C:/xampppp/htdocs/Nelson/xd/PI-Nelson/vendor/laravel/framework/src/Illuminate/Database/Eloquent/Model.php(1240): Illuminate/Database/Eloquent/Model->performInsert()
#9 C:/xampppp/htdocs/Nelson/xd/PI-Nelson/app/Http/Controllers/AssetController.php(47): Illuminate/Database/Eloquent/Model->save()
#10 C:/xampppp/htdocs/Nelson/xd/PI-Nelson/vendor/laravel/framework/src/Illuminate/Routing/ControllerDispatcher.php(46): App/Http/Controllers/AssetController->store()
#11 C:/xampppp/htdocs/Nelson/xd/PI-Nelson/vendor/laravel/framework/src/Illuminate/Routing/Route.php(265): Illuminate/Routing/ControllerDispatcher->dispatch()
#12 C:/xampppp/htdocs/Nelson/xd/PI-Nelson/vendor/laravel/framework/src/Illuminate/Routing/Route.php(211): Illuminate/Routing/Route->runController()
#13 C:/xampppp/htdocs/Nelson/xd/PI-Nelson/vendor/laravel/framework/src/Illuminate/Routing/Router.php(822): Illuminate/Routing/Route->run()
#14 C:/xampppp/htdocs/Nelson/xd/PI-Nelson/vendor/laravel/framework/src/Illuminate/Pipeline/Pipeline.php(180): Illuminate/Routing/Router->{closure:Illuminate/Routing/Router::runRouteWithinStack():821}()
#15 C:/xampppp/htdocs/Nelson/xd/PI-Nelson/vendor/laravel/framework/src/Illuminate/Routing/Middleware/SubstituteBindings.php(50): Illuminate/Pipeline/Pipeline->{closure:Illuminate/Pipeline/Pipeline::prepareDestination():178}()
#16 C:/xampppp/htdocs/Nelson/xd/PI-Nelson/vendor/laravel/framework/src/Illuminate/Pipeline/Pipeline.php(219): Illuminate/Routing/Middleware/SubstituteBindings->handle()
#17 C:/xampppp/htdocs/Nelson/xd/PI-Nelson/vendor/laravel/framework/src/Illuminate/Auth/Middleware/Authenticate.php(63): Illuminate/Pipeline/Pipeline->{closure:{closure:Illuminate/Pipeline/Pipeline::carry():194}:195}()
#18 C:/xampppp/htdocs/Nelson/xd/PI-Nelson/vendor/laravel/framework/src/Illuminate/Pipeline/Pipeline.php(219): Illuminate/Auth/Middleware/Authenticate->handle()
#19 C:/xampppp/htdocs/Nelson/xd/PI-Nelson/vendor/laravel/framework/src/Illuminate/Pipeline/Pipeline.php(137): Illuminate/Pipeline/Pipeline->{closure:{closure:Illuminate/Pipeline/Pipeline::carry():194}:195}()
#20 C:/xampppp/htdocs/Nelson/xd/PI-Nelson/vendor/laravel/framework/src/Illuminate/Routing/Router.php(821): Illuminate/Pipeline/Pipeline->then()
#21 C:/xampppp/htdocs/Nelson/xd/PI-Nelson/vendor/laravel/framework/src/Illuminate/Routing/Router.php(800): Illuminate/Routing/Router->runRouteWithinStack()
#22 C:/xampppp/htdocs/Nelson/xd/PI-Nelson/vendor/laravel/framework/src/Illuminate/Routing/Router.php(764): Illuminate/Routing/Router->runRoute()
#23 C:/xampppp/htdocs/Nelson/xd/PI-Nelson/vendor/laravel/framework/src/Illuminate/Routing/Router.php(753): Illuminate/Routing/Router->dispatchToRoute()
#24 C:/xampppp/htdocs/Nelson/xd/PI-Nelson/vendor/laravel/framework/src/Illuminate/Foundation/Http/Kernel.php(200): Illuminate/Routing/Router->dispatch()
#25 C:/xampppp/htdocs/Nelson/xd/PI-Nelson/vendor/laravel/framework/src/Illuminate/Pipeline/Pipeline.php(180): Illuminate/Foundation/Http/Kernel->{closure:Illuminate/Foundation/Http/Kernel::dispatchToRouter():197}()
#26 C:/xampppp/htdocs/Nelson/xd/PI-Nelson/vendor/laravel/framework/src/Illuminate/Foundation/Http/Middleware/TransformsRequest.php(21): Illuminate/Pipeline/Pipeline->{closure:Illuminate/Pipeline/Pipeline::prepareDestination():178}()
#27 C:/xampppp/htdocs/Nelson/xd/PI-Nelson/vendor/laravel/framework/src/Illuminate/Foundation/Http/Middleware/ConvertEmptyStringsToNull.php(31): Illuminate/Foundation/Http/Middleware/TransformsRequest->handle()
#28 C:/xampppp/htdocs/Nelson/xd/PI-Nelson/vendor/laravel/framework/src/Illuminate/Pipeline/Pipeline.php(219): Illuminate/Foundation/Http/Middleware/ConvertEmptyStringsToNull->handle()
#29 C:/xampppp/htdocs/Nelson/xd/PI-Nelson/vendor/laravel/framework/src/Illuminate/Foundation/Http/Middleware/TransformsRequest.php(21): Illuminate/Pipeline/Pipeline->{closure:{closure:Illuminate/Pipeline/Pipeline::carry():194}:195}()
#30 C:/xampppp/htdocs/Nelson/xd/PI-Nelson/vendor/laravel/framework/src/Illuminate/Foundation/Http/Middleware/TrimStrings.php(51): Illuminate/Foundation/Http/Middleware/TransformsRequest->handle()
#31 C:/xampppp/htdocs/Nelson/xd/PI-Nelson/vendor/laravel/framework/src/Illuminate/Pipeline/Pipeline.php(219): Illuminate/Foundation/Http/Middleware/TrimStrings->handle()
#32 C:/xampppp/htdocs/Nelson/xd/PI-Nelson/vendor/laravel/framework/src/Illuminate/Http/Middleware/ValidatePostSize.php(27): Illuminate/Pipeline/Pipeline->{closure:{closure:Illuminate/Pipeline/Pipeline::carry():194}:195}()
#33 C:/xampppp/htdocs/Nelson/xd/PI-Nelson/vendor/laravel/framework/src/Illuminate/Pipeline/Pipeline.php(219): Illuminate/Http/Middleware/ValidatePostSize->handle()
#34 C:/xampppp/htdocs/Nelson/xd/PI-Nelson/vendor/laravel/framework/src/Illuminate/Foundation/Http/Middleware/PreventRequestsDuringMaintenance.php(109): Illuminate/Pipeline/Pipeline->{closure:{closure:Illuminate/Pipeline/Pipeline::carry():194}:195}()
#35 C:/xampppp/htdocs/Nelson/xd/PI-Nelson/vendor/laravel/framework/src/Illuminate/Pipeline/Pipeline.php(219): Illuminate/Foundation/Http/Middleware/PreventRequestsDuringMaintenance->handle()
#36 C:/xampppp/htdocs/Nelson/xd/PI-Nelson/vendor/laravel/framework/src/Illuminate/Http/Middleware/HandleCors.php(74): Illuminate/Pipeline/Pipeline->{closure:{closure:Illuminate/Pipeline/Pipeline::carry():194}:195}()
#37 C:/xampppp/htdocs/Nelson/xd/PI-Nelson/vendor/laravel/framework/src/Illuminate/Pipeline/Pipeline.php(219): Illuminate/Http/Middleware/HandleCors->handle()
#38 C:/xampppp/htdocs/Nelson/xd/PI-Nelson/vendor/laravel/framework/src/Illuminate/Http/Middleware/TrustProxies.php(58): Illuminate/Pipeline/Pipeline->{closure:{closure:Illuminate/Pipeline/Pipeline::carry():194}:195}()
#39 C:/xampppp/htdocs/Nelson/xd/PI-Nelson/vendor/laravel/framework/src/Illuminate/Pipeline/Pipeline.php(219): Illuminate/Http/Middleware/TrustProxies->handle()
#40 C:/xampppp/htdocs/Nelson/xd/PI-Nelson/vendor/laravel/framework/src/Illuminate/Foundation/Http/Middleware/InvokeDeferredCallbacks.php(22): Illuminate/Pipeline/Pipeline->{closure:{closure:Illuminate/Pipeline/Pipeline::carry():194}:195}()
#41 C:/xampppp/htdocs/Nelson/xd/PI-Nelson/vendor/laravel/framework/src/Illuminate/Pipeline/Pipeline.php(219): Illuminate/Foundation/Http/Middleware/InvokeDeferredCallbacks->handle()
#42 C:/xampppp/htdocs/Nelson/xd/PI-Nelson/vendor/laravel/framework/src/Illuminate/Http/Middleware/ValidatePathEncoding.php(26): Illuminate/Pipeline/Pipeline->{closure:{closure:Illuminate/Pipeline/Pipeline::carry():194}:195}()
#43 C:/xampppp/htdocs/Nelson/xd/PI-Nelson/vendor/laravel/framework/src/Illuminate/Pipeline/Pipeline.php(219): Illuminate/Http/Middleware/ValidatePathEncoding->handle()
#44 C:/xampppp/htdocs/Nelson/xd/PI-Nelson/vendor/laravel/framework/src/Illuminate/Pipeline/Pipeline.php(137): Illuminate/Pipeline/Pipeline->{closure:{closure:Illuminate/Pipeline/Pipeline::carry():194}:195}()
#45 C:/xampppp/htdocs/Nelson/xd/PI-Nelson/vendor/laravel/framework/src/Illuminate/Foundation/Http/Kernel.php(175): Illuminate/Pipeline/Pipeline->then()
#46 C:/xampppp/htdocs/Nelson/xd/PI-Nelson/vendor/laravel/framework/src/Illuminate/Foundation/Http/Kernel.php(144): Illuminate/Foundation/Http/Kernel->sendRequestThroughRouter()
#47 C:/xampppp/htdocs/Nelson/xd/PI-Nelson/vendor/laravel/framework/src/Illuminate/Foundation/Application.php(1220): Illuminate/Foundation/Http/Kernel->handle()
#48 C:/xampppp/htdocs/Nelson/xd/PI-Nelson/public/index.php(20): Illuminate/Foundation/Application->handleRequest()
#49 C:/xampppp/htdocs/Nelson/xd/PI-Nelson/vendor/laravel/framework/src/Illuminate/Foundation/resources/server.php(23): require_once('...')
#50 {main}

[previous exception] [object] (PDOException(code: 23000): SQLSTATE[23000]: Integrity constraint violation: 19 NOT NULL constraint failed: activos.area_id at C:/xampppp/htdocs/Nelson/xd/PI-Nelson/vendor/laravel/framework/src/Illuminate/Database/Connection.php:584)
[stacktrace]
#0 C:/xampppp/htdocs/Nelson/xd/PI-Nelson/vendor/laravel/framework/src/Illuminate/Database/Connection.php(584): PDOStatement->execute()
#1 C:/xampppp/htdocs/Nelson/xd/PI-Nelson/vendor/laravel/framework/src/Illuminate/Database/Connection.php(827): Illuminate/Database/Connection->{closure:Illuminate/Database/Connection::statement():573}()
#2 C:/xampppp/htdocs/Nelson/xd/PI-Nelson/vendor/laravel/framework/src/Illuminate/Database/Connection.php(794): Illuminate/Database/Connection->runQueryCallback()
#3 C:/xampppp/htdocs/Nelson/xd/PI-Nelson/vendor/laravel/framework/src/Illuminate/Database/Connection.php(573): Illuminate/Database/Connection->run()
#4 C:/xampppp/htdocs/Nelson/xd/PI-Nelson/vendor/laravel/framework/src/Illuminate/Database/Connection.php(537): Illuminate/Database/Connection->statement()
#5 C:/xampppp/htdocs/Nelson/xd/PI-Nelson/vendor/laravel/framework/src/Illuminate/Database/Query/Processors/Processor.php(32): Illuminate/Database/Connection->insert()
#6 C:/xampppp/htdocs/Nelson/xd/PI-Nelson/vendor/laravel/framework/src/Illuminate/Database/Query/Builder.php(4140): Illuminate/Database/Query/Processors/Processor->processInsertGetId()
#7 C:/xampppp/htdocs/Nelson/xd/PI-Nelson/vendor/laravel/framework/src/Illuminate/Database/Eloquent/Builder.php(2235): Illuminate/Database/Query/Builder->insertGetId()
#8 C:/xampppp/htdocs/Nelson/xd/PI-Nelson/vendor/laravel/framework/src/Illuminate/Database/Eloquent/Model.php(1436): Illuminate/Database/Eloquent/Builder->__call()
#9 C:/xampppp/htdocs/Nelson/xd/PI-Nelson/vendor/laravel/framework/src/Illuminate/Database/Eloquent/Model.php(1401): Illuminate/Database/Eloquent/Model->insertAndSetId()
#10 C:/xampppp/htdocs/Nelson/xd/PI-Nelson/vendor/laravel/framework/src/Illuminate/Database/Eloquent/Model.php(1240): Illuminate/Database/Eloquent/Model->performInsert()
#11 C:/xampppp/htdocs/Nelson/xd/PI-Nelson/app/Http/Controllers/AssetController.php(47): Illuminate/Database/Eloquent/Model->save()
#12 C:/xampppp/htdocs/Nelson/xd/PI-Nelson/vendor/laravel/framework/src/Illuminate/Routing/ControllerDispatcher.php(46): App/Http/Controllers/AssetController->store()
#13 C:/xampppp/htdocs/Nelson/xd/PI-Nelson/vendor/laravel/framework/src/Illuminate/Routing/Route.php(265): Illuminate/Routing/ControllerDispatcher->dispatch()
#14 C:/xampppp/htdocs/Nelson/xd/PI-Nelson/vendor/laravel/framework/src/Illuminate/Routing/Route.php(211): Illuminate/Routing/Route->runController()
#15 C:/xampppp/htdocs/Nelson/xd/PI-Nelson/vendor/laravel/framework/src/Illuminate/Routing/Router.php(822): Illuminate/Routing/Route->run()
#16 C:/xampppp/htdocs/Nelson/xd/PI-Nelson/vendor/laravel/framework/src/Illuminate/Pipeline/Pipeline.php(180): Illuminate/Routing/Router->{closure:Illuminate/Routing/Router::runRouteWithinStack():821}()
#17 C:/xampppp/htdocs/Nelson/xd/PI-Nelson/vendor/laravel/framework/src/Illuminate/Routing/Middleware/SubstituteBindings.php(50): Illuminate/Pipeline/Pipeline->{closure:Illuminate/Pipeline/Pipeline::prepareDestination():178}()
#18 C:/xampppp/htdocs/Nelson/xd/PI-Nelson/vendor/laravel/framework/src/Illuminate/Pipeline/Pipeline.php(219): Illuminate/Routing/Middleware/SubstituteBindings->handle()
#19 C:/xampppp/htdocs/Nelson/xd/PI-Nelson/vendor/laravel/framework/src/Illuminate/Auth/Middleware/Authenticate.php(63): Illuminate/Pipeline/Pipeline->{closure:{closure:Illuminate/Pipeline/Pipeline::carry():194}:195}()
#20 C:/xampppp/htdocs/Nelson/xd/PI-Nelson/vendor/laravel/framework/src/Illuminate/Pipeline/Pipeline.php(219): Illuminate/Auth/Middleware/Authenticate->handle()
#21 C:/xampppp/htdocs/Nelson/xd/PI-Nelson/vendor/laravel/framework/src/Illuminate/Pipeline/Pipeline.php(137): Illuminate/Pipeline/Pipeline->{closure:{closure:Illuminate/Pipeline/Pipeline::carry():194}:195}()
#22 C:/xampppp/htdocs/Nelson/xd/PI-Nelson/vendor/laravel/framework/src/Illuminate/Routing/Router.php(821): Illuminate/Pipeline/Pipeline->then()
#23 C:/xampppp/htdocs/Nelson/xd/PI-Nelson/vendor/laravel/framework/src/Illuminate/Routing/Router.php(800): Illuminate/Routing/Router->runRouteWithinStack()
#24 C:/xampppp/htdocs/Nelson/xd/PI-Nelson/vendor/laravel/framework/src/Illuminate/Routing/Router.php(764): Illuminate/Routing/Router->runRoute()
#25 C:/xampppp/htdocs/Nelson/xd/PI-Nelson/vendor/laravel/framework/src/Illuminate/Routing/Router.php(753): Illuminate/Routing/Router->dispatchToRoute()
#26 C:/xampppp/htdocs/Nelson/xd/PI-Nelson/vendor/laravel/framework/src/Illuminate/Foundation/Http/Kernel.php(200): Illuminate/Routing/Router->dispatch()
#27 C:/xampppp/htdocs/Nelson/xd/PI-Nelson/vendor/laravel/framework/src/Illuminate/Pipeline/Pipeline.php(180): Illuminate/Foundation/Http/Kernel->{closure:Illuminate/Foundation/Http/Kernel::dispatchToRouter():197}()
#28 C:/xampppp/htdocs/Nelson/xd/PI-Nelson/vendor/laravel/framework/src/Illuminate/Foundation/Http/Middleware/TransformsRequest.php(21): Illuminate/Pipeline/Pipeline->{closure:Illuminate/Pipeline/Pipeline::prepareDestination():178}()
#29 C:/xampppp/htdocs/Nelson/xd/PI-Nelson/vendor/laravel/framework/src/Illuminate/Foundation/Http/Middleware/ConvertEmptyStringsToNull.php(31): Illuminate/Foundation/Http/Middleware/TransformsRequest->handle()
#30 C:/xampppp/htdocs/Nelson/xd/PI-Nelson/vendor/laravel/framework/src/Illuminate/Pipeline/Pipeline.php(219): Illuminate/Foundation/Http/Middleware/ConvertEmptyStringsToNull->handle()
#31 C:/xampppp/htdocs/Nelson/xd/PI-Nelson/vendor/laravel/framework/src/Illuminate/Foundation/Http/Middleware/TransformsRequest.php(21): Illuminate/Pipeline/Pipeline->{closure:{closure:Illuminate/Pipeline/Pipeline::carry():194}:195}()
#32 C:/xampppp/htdocs/Nelson/xd/PI-Nelson/vendor/laravel/framework/src/Illuminate/Foundation/Http/Middleware/TrimStrings.php(51): Illuminate/Foundation/Http/Middleware/TransformsRequest->handle()
#33 C:/xampppp/htdocs/Nelson/xd/PI-Nelson/vendor/laravel/framework/src/Illuminate/Pipeline/Pipeline.php(219): Illuminate/Foundation/Http/Middleware/TrimStrings->handle()
#34 C:/xampppp/htdocs/Nelson/xd/PI-Nelson/vendor/laravel/framework/src/Illuminate/Http/Middleware/ValidatePostSize.php(27): Illuminate/Pipeline/Pipeline->{closure:{closure:Illuminate/Pipeline/Pipeline::carry():194}:195}()
#35 C:/xampppp/htdocs/Nelson/xd/PI-Nelson/vendor/laravel/framework/src/Illuminate/Pipeline/Pipeline.php(219): Illuminate/Http/Middleware/ValidatePostSize->handle()
#36 C:/xampppp/htdocs/Nelson/xd/PI-Nelson/vendor/laravel/framework/src/Illuminate/Foundation/Http/Middleware/PreventRequestsDuringMaintenance.php(109): Illuminate/Pipeline/Pipeline->{closure:{closure:Illuminate/Pipeline/Pipeline::carry():194}:195}()
#37 C:/xampppp/htdocs/Nelson/xd/PI-Nelson/vendor/laravel/framework/src/Illuminate/Pipeline/Pipeline.php(219): Illuminate/Foundation/Http/Middleware/PreventRequestsDuringMaintenance->handle()
#38 C:/xampppp/htdocs/Nelson/xd/PI-Nelson/vendor/laravel/framework/src/Illuminate/Http/Middleware/HandleCors.php(74): Illuminate/Pipeline/Pipeline->{closure:{closure:Illuminate/Pipeline/Pipeline::carry():194}:195}()
#39 C:/xampppp/htdocs/Nelson/xd/PI-Nelson/vendor/laravel/framework/src/Illuminate/Pipeline/Pipeline.php(219): Illuminate/Http/Middleware/HandleCors->handle()
#40 C:/xampppp/htdocs/Nelson/xd/PI-Nelson/vendor/laravel/framework/src/Illuminate/Http/Middleware/TrustProxies.php(58): Illuminate/Pipeline/Pipeline->{closure:{closure:Illuminate/Pipeline/Pipeline::carry():194}:195}()
#41 C:/xampppp/htdocs/Nelson/xd/PI-Nelson/vendor/laravel/framework/src/Illuminate/Pipeline/Pipeline.php(219): Illuminate/Http/Middleware/TrustProxies->handle()
#42 C:/xampppp/htdocs/Nelson/xd/PI-Nelson/vendor/laravel/framework/src/Illuminate/Foundation/Http/Middleware/InvokeDeferredCallbacks.php(22): Illuminate/Pipeline/Pipeline->{closure:{closure:Illuminate/Pipeline/Pipeline::carry():194}:195}()
#43 C:/xampppp/htdocs/Nelson/xd/PI-Nelson/vendor/laravel/framework/src/Illuminate/Pipeline/Pipeline.php(219): Illuminate/Foundation/Http/Middleware/InvokeDeferredCallbacks->handle()
#44 C:/xampppp/htdocs/Nelson/xd/PI-Nelson/vendor/laravel/framework/src/Illuminate/Http/Middleware/ValidatePathEncoding.php(26): Illuminate/Pipeline/Pipeline->{closure:{closure:Illuminate/Pipeline/Pipeline::carry():194}:195}()
#45 C:/xampppp/htdocs/Nelson/xd/PI-Nelson/vendor/laravel/framework/src/Illuminate/Pipeline/Pipeline.php(219): Illuminate/Http/Middleware/ValidatePathEncoding->handle()
#46 C:/xampppp/htdocs/Nelson/xd/PI-Nelson/vendor/laravel/framework/src/Illuminate/Pipeline/Pipeline.php(137): Illuminate/Pipeline/Pipeline->{closure:{closure:Illuminate/Pipeline/Pipeline::carry():194}:195}()
#47 C:/xampppp/htdocs/Nelson/xd/PI-Nelson/vendor/laravel/framework/src/Illuminate/Foundation/Http/Kernel.php(175): Illuminate/Pipeline/Pipeline->then()
#48 C:/xampppp/htdocs/Nelson/xd/PI-Nelson/vendor/laravel/framework/src/Illuminate/Foundation/Http/Kernel.php(144): Illuminate/Foundation/Http/Kernel->sendRequestThroughRouter()
#49 C:/xampppp/htdocs/Nelson/xd/PI-Nelson/vendor/laravel/framework/src/Illuminate/Foundation/Application.php(1220): Illuminate/Foundation/Http/Kernel->handle()
#50 C:/xampppp/htdocs/Nelson/xd/PI-Nelson/public/index.php(20): Illuminate/Foundation/Application->handleRequest()
#51 C:/xampppp/htdocs/Nelson/xd/PI-Nelson/vendor/laravel/framework/src/Illuminate/Foundation/resources/server.php(23): require_once('...')
#52 {main}
"} 
[2026-03-26 05:25:48] local.ERROR: SQLSTATE[23000]: Integrity constraint violation: 19 NOT NULL constraint failed: activos.area_id (Connection: sqlite, Database: C:\xampppp\htdocs\Nelson\xd\PI-Nelson\database\database.sqlite, SQL: insert into "activos" ("nombre", "categoria_id", "estado", "qr_code", "updated_at", "created_at") values (Multímetro Industrial Fluke, 1, Disponible, SIGAF-VZWGX0WY, 2026-03-26 05:25:48, 2026-03-26 05:25:48)) {"userId":5,"exception":"[object] (Illuminate\\Database\\QueryException(code: 23000): SQLSTATE[23000]: Integrity constraint violation: 19 NOT NULL constraint failed: activos.area_id (Connection: sqlite, Database: C:\\xampppp\\htdocs\\Nelson\\xd\\PI-Nelson\\database\\database.sqlite, SQL: insert into \"activos\" (\"nombre\", \"categoria_id\", \"estado\", \"qr_code\", \"updated_at\", \"created_at\") values (Multímetro Industrial Fluke, 1, Disponible, SIGAF-VZWGX0WY, 2026-03-26 05:25:48, 2026-03-26 05:25:48)) at C:/xampppp/htdocs/Nelson/xd/PI-Nelson/vendor/laravel/framework/src/Illuminate/Database/Connection.php:838)
[stacktrace]
#0 C:/xampppp/htdocs/Nelson/xd/PI-Nelson/vendor/laravel/framework/src/Illuminate/Database/Connection.php(794): Illuminate/Database/Connection->runQueryCallback()
#1 C:/xampppp/htdocs/Nelson/xd/PI-Nelson/vendor/laravel/framework/src/Illuminate/Database/Connection.php(573): Illuminate/Database/Connection->run()
#2 C:/xampppp/htdocs/Nelson/xd/PI-Nelson/vendor/laravel/framework/src/Illuminate/Database/Connection.php(537): Illuminate/Database/Connection->statement()
#3 C:/xampppp/htdocs/Nelson/xd/PI-Nelson/vendor/laravel/framework/src/Illuminate/Database/Query/Processors/Processor.php(32): Illuminate/Database/Connection->insert()
#4 C:/xampppp/htdocs/Nelson/xd/PI-Nelson/vendor/laravel/framework/src/Illuminate/Database/Query/Builder.php(4140): Illuminate/Database/Query/Processors/Processor->processInsertGetId()
#5 C:/xampppp/htdocs/Nelson/xd/PI-Nelson/vendor/laravel/framework/src/Illuminate/Database/Eloquent/Builder.php(2235): Illuminate/Database/Query/Builder->insertGetId()
#6 C:/xampppp/htdocs/Nelson/xd/PI-Nelson/vendor/laravel/framework/src/Illuminate/Database/Eloquent/Model.php(1436): Illuminate/Database/Eloquent/Builder->__call()
#7 C:/xampppp/htdocs/Nelson/xd/PI-Nelson/vendor/laravel/framework/src/Illuminate/Database/Eloquent/Model.php(1401): Illuminate/Database/Eloquent/Model->insertAndSetId()
#8 C:/xampppp/htdocs/Nelson/xd/PI-Nelson/vendor/laravel/framework/src/Illuminate/Database/Eloquent/Model.php(1240): Illuminate/Database/Eloquent/Model->performInsert()
#9 C:/xampppp/htdocs/Nelson/xd/PI-Nelson/app/Http/Controllers/AssetController.php(47): Illuminate/Database/Eloquent/Model->save()
#10 C:/xampppp/htdocs/Nelson/xd/PI-Nelson/vendor/laravel/framework/src/Illuminate/Routing/ControllerDispatcher.php(46): App/Http/Controllers/AssetController->store()
#11 C:/xampppp/htdocs/Nelson/xd/PI-Nelson/vendor/laravel/framework/src/Illuminate/Routing/Route.php(265): Illuminate/Routing/ControllerDispatcher->dispatch()
#12 C:/xampppp/htdocs/Nelson/xd/PI-Nelson/vendor/laravel/framework/src/Illuminate/Routing/Route.php(211): Illuminate/Routing/Route->runController()
#13 C:/xampppp/htdocs/Nelson/xd/PI-Nelson/vendor/laravel/framework/src/Illuminate/Routing/Router.php(822): Illuminate/Routing/Route->run()
#14 C:/xampppp/htdocs/Nelson/xd/PI-Nelson/vendor/laravel/framework/src/Illuminate/Pipeline/Pipeline.php(180): Illuminate/Routing/Router->{closure:Illuminate/Routing/Router::runRouteWithinStack():821}()
#15 C:/xampppp/htdocs/Nelson/xd/PI-Nelson/vendor/laravel/framework/src/Illuminate/Routing/Middleware/SubstituteBindings.php(50): Illuminate/Pipeline/Pipeline->{closure:Illuminate/Pipeline/Pipeline::prepareDestination():178}()
#16 C:/xampppp/htdocs/Nelson/xd/PI-Nelson/vendor/laravel/framework/src/Illuminate/Pipeline/Pipeline.php(219): Illuminate/Routing/Middleware/SubstituteBindings->handle()
#17 C:/xampppp/htdocs/Nelson/xd/PI-Nelson/vendor/laravel/framework/src/Illuminate/Auth/Middleware/Authenticate.php(63): Illuminate/Pipeline/Pipeline->{closure:{closure:Illuminate/Pipeline/Pipeline::carry():194}:195}()
#18 C:/xampppp/htdocs/Nelson/xd/PI-Nelson/vendor/laravel/framework/src/Illuminate/Pipeline/Pipeline.php(219): Illuminate/Auth/Middleware/Authenticate->handle()
#19 C:/xampppp/htdocs/Nelson/xd/PI-Nelson/vendor/laravel/framework/src/Illuminate/Pipeline/Pipeline.php(137): Illuminate/Pipeline/Pipeline->{closure:{closure:Illuminate/Pipeline/Pipeline::carry():194}:195}()
#20 C:/xampppp/htdocs/Nelson/xd/PI-Nelson/vendor/laravel/framework/src/Illuminate/Routing/Router.php(821): Illuminate/Pipeline/Pipeline->then()
#21 C:/xampppp/htdocs/Nelson/xd/PI-Nelson/vendor/laravel/framework/src/Illuminate/Routing/Router.php(800): Illuminate/Routing/Router->runRouteWithinStack()
#22 C:/xampppp/htdocs/Nelson/xd/PI-Nelson/vendor/laravel/framework/src/Illuminate/Routing/Router.php(764): Illuminate/Routing/Router->runRoute()
#23 C:/xampppp/htdocs/Nelson/xd/PI-Nelson/vendor/laravel/framework/src/Illuminate/Routing/Router.php(753): Illuminate/Routing/Router->dispatchToRoute()
#24 C:/xampppp/htdocs/Nelson/xd/PI-Nelson/vendor/laravel/framework/src/Illuminate/Foundation/Http/Kernel.php(200): Illuminate/Routing/Router->dispatch()
#25 C:/xampppp/htdocs/Nelson/xd/PI-Nelson/vendor/laravel/framework/src/Illuminate/Pipeline/Pipeline.php(180): Illuminate/Foundation/Http/Kernel->{closure:Illuminate/Foundation/Http/Kernel::dispatchToRouter():197}()
#26 C:/xampppp/htdocs/Nelson/xd/PI-Nelson/vendor/laravel/framework/src/Illuminate/Foundation/Http/Middleware/TransformsRequest.php(21): Illuminate/Pipeline/Pipeline->{closure:Illuminate/Pipeline/Pipeline::prepareDestination():178}()
#27 C:/xampppp/htdocs/Nelson/xd/PI-Nelson/vendor/laravel/framework/src/Illuminate/Foundation/Http/Middleware/ConvertEmptyStringsToNull.php(31): Illuminate/Foundation/Http/Middleware/TransformsRequest->handle()
#28 C:/xampppp/htdocs/Nelson/xd/PI-Nelson/vendor/laravel/framework/src/Illuminate/Pipeline/Pipeline.php(219): Illuminate/Foundation/Http/Middleware/ConvertEmptyStringsToNull->handle()
#29 C:/xampppp/htdocs/Nelson/xd/PI-Nelson/vendor/laravel/framework/src/Illuminate/Foundation/Http/Middleware/TransformsRequest.php(21): Illuminate/Pipeline/Pipeline->{closure:{closure:Illuminate/Pipeline/Pipeline::carry():194}:195}()
#30 C:/xampppp/htdocs/Nelson/xd/PI-Nelson/vendor/laravel/framework/src/Illuminate/Foundation/Http/Middleware/TrimStrings.php(51): Illuminate/Foundation/Http/Middleware/TransformsRequest->handle()
#31 C:/xampppp/htdocs/Nelson/xd/PI-Nelson/vendor/laravel/framework/src/Illuminate/Pipeline/Pipeline.php(219): Illuminate/Foundation/Http/Middleware/TrimStrings->handle()
#32 C:/xampppp/htdocs/Nelson/xd/PI-Nelson/vendor/laravel/framework/src/Illuminate/Http/Middleware/ValidatePostSize.php(27): Illuminate/Pipeline/Pipeline->{closure:{closure:Illuminate/Pipeline/Pipeline::carry():194}:195}()
#33 C:/xampppp/htdocs/Nelson/xd/PI-Nelson/vendor/laravel/framework/src/Illuminate/Pipeline/Pipeline.php(219): Illuminate/Http/Middleware/ValidatePostSize->handle()
#34 C:/xampppp/htdocs/Nelson/xd/PI-Nelson/vendor/laravel/framework/src/Illuminate/Foundation/Http/Middleware/PreventRequestsDuringMaintenance.php(109): Illuminate/Pipeline/Pipeline->{closure:{closure:Illuminate/Pipeline/Pipeline::carry():194}:195}()
#35 C:/xampppp/htdocs/Nelson/xd/PI-Nelson/vendor/laravel/framework/src/Illuminate/Pipeline/Pipeline.php(219): Illuminate/Foundation/Http/Middleware/PreventRequestsDuringMaintenance->handle()
#36 C:/xampppp/htdocs/Nelson/xd/PI-Nelson/vendor/laravel/framework/src/Illuminate/Http/Middleware/HandleCors.php(74): Illuminate/Pipeline/Pipeline->{closure:{closure:Illuminate/Pipeline/Pipeline::carry():194}:195}()
#37 C:/xampppp/htdocs/Nelson/xd/PI-Nelson/vendor/laravel/framework/src/Illuminate/Pipeline/Pipeline.php(219): Illuminate/Http/Middleware/HandleCors->handle()
#38 C:/xampppp/htdocs/Nelson/xd/PI-Nelson/vendor/laravel/framework/src/Illuminate/Http/Middleware/TrustProxies.php(58): Illuminate/Pipeline/Pipeline->{closure:{closure:Illuminate/Pipeline/Pipeline::carry():194}:195}()
#39 C:/xampppp/htdocs/Nelson/xd/PI-Nelson/vendor/laravel/framework/src/Illuminate/Pipeline/Pipeline.php(219): Illuminate/Http/Middleware/TrustProxies->handle()
#40 C:/xampppp/htdocs/Nelson/xd/PI-Nelson/vendor/laravel/framework/src/Illuminate/Foundation/Http/Middleware/InvokeDeferredCallbacks.php(22): Illuminate/Pipeline/Pipeline->{closure:{closure:Illuminate/Pipeline/Pipeline::carry():194}:195}()
#41 C:/xampppp/htdocs/Nelson/xd/PI-Nelson/vendor/laravel/framework/src/Illuminate/Pipeline/Pipeline.php(219): Illuminate/Foundation/Http/Middleware/InvokeDeferredCallbacks->handle()
#42 C:/xampppp/htdocs/Nelson/xd/PI-Nelson/vendor/laravel/framework/src/Illuminate/Http/Middleware/ValidatePathEncoding.php(26): Illuminate/Pipeline/Pipeline->{closure:{closure:Illuminate/Pipeline/Pipeline::carry():194}:195}()
#43 C:/xampppp/htdocs/Nelson/xd/PI-Nelson/vendor/laravel/framework/src/Illuminate/Pipeline/Pipeline.php(219): Illuminate/Http/Middleware/ValidatePathEncoding->handle()
#44 C:/xampppp/htdocs/Nelson/xd/PI-Nelson/vendor/laravel/framework/src/Illuminate/Pipeline/Pipeline.php(137): Illuminate/Pipeline/Pipeline->{closure:{closure:Illuminate/Pipeline/Pipeline::carry():194}:195}()
#45 C:/xampppp/htdocs/Nelson/xd/PI-Nelson/vendor/laravel/framework/src/Illuminate/Foundation/Http/Kernel.php(175): Illuminate/Pipeline/Pipeline->then()
#46 C:/xampppp/htdocs/Nelson/xd/PI-Nelson/vendor/laravel/framework/src/Illuminate/Foundation/Http/Kernel.php(144): Illuminate/Foundation/Http/Kernel->sendRequestThroughRouter()
#47 C:/xampppp/htdocs/Nelson/xd/PI-Nelson/vendor/laravel/framework/src/Illuminate/Foundation/Application.php(1220): Illuminate/Foundation/Http/Kernel->handle()
#48 C:/xampppp/htdocs/Nelson/xd/PI-Nelson/public/index.php(20): Illuminate/Foundation/Application->handleRequest()
#49 C:/xampppp/htdocs/Nelson/xd/PI-Nelson/vendor/laravel/framework/src/Illuminate/Foundation/resources/server.php(23): require_once('...')
#50 {main}

[previous exception] [object] (PDOException(code: 23000): SQLSTATE[23000]: Integrity constraint violation: 19 NOT NULL constraint failed: activos.area_id at C:/xampppp/htdocs/Nelson/xd/PI-Nelson/vendor/laravel/framework/src/Illuminate/Database/Connection.php:584)
[stacktrace]
#0 C:/xampppp/htdocs/Nelson/xd/PI-Nelson/vendor/laravel/framework/src/Illuminate/Database/Connection.php(584): PDOStatement->execute()
#1 C:/xampppp/htdocs/Nelson/xd/PI-Nelson/vendor/laravel/framework/src/Illuminate/Database/Connection.php(827): Illuminate/Database/Connection->{closure:Illuminate/Database/Connection::statement():573}()
#2 C:/xampppp/htdocs/Nelson/xd/PI-Nelson/vendor/laravel/framework/src/Illuminate/Database/Connection.php(794): Illuminate/Database/Connection->runQueryCallback()
#3 C:/xampppp/htdocs/Nelson/xd/PI-Nelson/vendor/laravel/framework/src/Illuminate/Database/Connection.php(573): Illuminate/Database/Connection->run()
#4 C:/xampppp/htdocs/Nelson/xd/PI-Nelson/vendor/laravel/framework/src/Illuminate/Database/Connection.php(537): Illuminate/Database/Connection->statement()
#5 C:/xampppp/htdocs/Nelson/xd/PI-Nelson/vendor/laravel/framework/src/Illuminate/Database/Query/Processors/Processor.php(32): Illuminate/Database/Connection->insert()
#6 C:/xampppp/htdocs/Nelson/xd/PI-Nelson/vendor/laravel/framework/src/Illuminate/Database/Query/Builder.php(4140): Illuminate/Database/Query/Processors/Processor->processInsertGetId()
#7 C:/xampppp/htdocs/Nelson/xd/PI-Nelson/vendor/laravel/framework/src/Illuminate/Database/Eloquent/Builder.php(2235): Illuminate/Database/Query/Builder->insertGetId()
#8 C:/xampppp/htdocs/Nelson/xd/PI-Nelson/vendor/laravel/framework/src/Illuminate/Database/Eloquent/Model.php(1436): Illuminate/Database/Eloquent/Builder->__call()
#9 C:/xampppp/htdocs/Nelson/xd/PI-Nelson/vendor/laravel/framework/src/Illuminate/Database/Eloquent/Model.php(1401): Illuminate/Database/Eloquent/Model->insertAndSetId()
#10 C:/xampppp/htdocs/Nelson/xd/PI-Nelson/vendor/laravel/framework/src/Illuminate/Database/Eloquent/Model.php(1240): Illuminate/Database/Eloquent/Model->performInsert()
#11 C:/xampppp/htdocs/Nelson/xd/PI-Nelson/app/Http/Controllers/AssetController.php(47): Illuminate/Database/Eloquent/Model->save()
#12 C:/xampppp/htdocs/Nelson/xd/PI-Nelson/vendor/laravel/framework/src/Illuminate/Routing/ControllerDispatcher.php(46): App/Http/Controllers/AssetController->store()
#13 C:/xampppp/htdocs/Nelson/xd/PI-Nelson/vendor/laravel/framework/src/Illuminate/Routing/Route.php(265): Illuminate/Routing/ControllerDispatcher->dispatch()
#14 C:/xampppp/htdocs/Nelson/xd/PI-Nelson/vendor/laravel/framework/src/Illuminate/Routing/Route.php(211): Illuminate/Routing/Route->runController()
#15 C:/xampppp/htdocs/Nelson/xd/PI-Nelson/vendor/laravel/framework/src/Illuminate/Routing/Router.php(822): Illuminate/Routing/Route->run()
#16 C:/xampppp/htdocs/Nelson/xd/PI-Nelson/vendor/laravel/framework/src/Illuminate/Pipeline/Pipeline.php(180): Illuminate/Routing/Router->{closure:Illuminate/Routing/Router::runRouteWithinStack():821}()
#17 C:/xampppp/htdocs/Nelson/xd/PI-Nelson/vendor/laravel/framework/src/Illuminate/Routing/Middleware/SubstituteBindings.php(50): Illuminate/Pipeline/Pipeline->{closure:Illuminate/Pipeline/Pipeline::prepareDestination():178}()
#18 C:/xampppp/htdocs/Nelson/xd/PI-Nelson/vendor/laravel/framework/src/Illuminate/Pipeline/Pipeline.php(219): Illuminate/Routing/Middleware/SubstituteBindings->handle()
#19 C:/xampppp/htdocs/Nelson/xd/PI-Nelson/vendor/laravel/framework/src/Illuminate/Auth/Middleware/Authenticate.php(63): Illuminate/Pipeline/Pipeline->{closure:{closure:Illuminate/Pipeline/Pipeline::carry():194}:195}()
#20 C:/xampppp/htdocs/Nelson/xd/PI-Nelson/vendor/laravel/framework/src/Illuminate/Pipeline/Pipeline.php(219): Illuminate/Auth/Middleware/Authenticate->handle()
#21 C:/xampppp/htdocs/Nelson/xd/PI-Nelson/vendor/laravel/framework/src/Illuminate/Pipeline/Pipeline.php(137): Illuminate/Pipeline/Pipeline->{closure:{closure:Illuminate/Pipeline/Pipeline::carry():194}:195}()
#22 C:/xampppp/htdocs/Nelson/xd/PI-Nelson/vendor/laravel/framework/src/Illuminate/Routing/Router.php(821): Illuminate/Pipeline/Pipeline->then()
#23 C:/xampppp/htdocs/Nelson/xd/PI-Nelson/vendor/laravel/framework/src/Illuminate/Routing/Router.php(800): Illuminate/Routing/Router->runRouteWithinStack()
#24 C:/xampppp/htdocs/Nelson/xd/PI-Nelson/vendor/laravel/framework/src/Illuminate/Routing/Router.php(764): Illuminate/Routing/Router->runRoute()
#25 C:/xampppp/htdocs/Nelson/xd/PI-Nelson/vendor/laravel/framework/src/Illuminate/Routing/Router.php(753): Illuminate/Routing/Router->dispatchToRoute()
#26 C:/xampppp/htdocs/Nelson/xd/PI-Nelson/vendor/laravel/framework/src/Illuminate/Foundation/Http/Kernel.php(200): Illuminate/Routing/Router->dispatch()
#27 C:/xampppp/htdocs/Nelson/xd/PI-Nelson/vendor/laravel/framework/src/Illuminate/Pipeline/Pipeline.php(180): Illuminate/Foundation/Http/Kernel->{closure:Illuminate/Foundation/Http/Kernel::dispatchToRouter():197}()
#28 C:/xampppp/htdocs/Nelson/xd/PI-Nelson/vendor/laravel/framework/src/Illuminate/Foundation/Http/Middleware/TransformsRequest.php(21): Illuminate/Pipeline/Pipeline->{closure:Illuminate/Pipeline/Pipeline::prepareDestination():178}()
#29 C:/xampppp/htdocs/Nelson/xd/PI-Nelson/vendor/laravel/framework/src/Illuminate/Foundation/Http/Middleware/ConvertEmptyStringsToNull.php(31): Illuminate/Foundation/Http/Middleware/TransformsRequest->handle()
#30 C:/xampppp/htdocs/Nelson/xd/PI-Nelson/vendor/laravel/framework/src/Illuminate/Pipeline/Pipeline.php(219): Illuminate/Foundation/Http/Middleware/ConvertEmptyStringsToNull->handle()
#31 C:/xampppp/htdocs/Nelson/xd/PI-Nelson/vendor/laravel/framework/src/Illuminate/Foundation/Http/Middleware/TransformsRequest.php(21): Illuminate/Pipeline/Pipeline->{closure:{closure:Illuminate/Pipeline/Pipeline::carry():194}:195}()
#32 C:/xampppp/htdocs/Nelson/xd/PI-Nelson/vendor/laravel/framework/src/Illuminate/Foundation/Http/Middleware/TrimStrings.php(51): Illuminate/Foundation/Http/Middleware/TransformsRequest->handle()
#33 C:/xampppp/htdocs/Nelson/xd/PI-Nelson/vendor/laravel/framework/src/Illuminate/Pipeline/Pipeline.php(219): Illuminate/Foundation/Http/Middleware/TrimStrings->handle()
#34 C:/xampppp/htdocs/Nelson/xd/PI-Nelson/vendor/laravel/framework/src/Illuminate/Http/Middleware/ValidatePostSize.php(27): Illuminate/Pipeline/Pipeline->{closure:{closure:Illuminate/Pipeline/Pipeline::carry():194}:195}()
#35 C:/xampppp/htdocs/Nelson/xd/PI-Nelson/vendor/laravel/framework/src/Illuminate/Pipeline/Pipeline.php(219): Illuminate/Http/Middleware/ValidatePostSize->handle()
#36 C:/xampppp/htdocs/Nelson/xd/PI-Nelson/vendor/laravel/framework/src/Illuminate/Foundation/Http/Middleware/PreventRequestsDuringMaintenance.php(109): Illuminate/Pipeline/Pipeline->{closure:{closure:Illuminate/Pipeline/Pipeline::carry():194}:195}()
#37 C:/xampppp/htdocs/Nelson/xd/PI-Nelson/vendor/laravel/framework/src/Illuminate/Pipeline/Pipeline.php(219): Illuminate/Foundation/Http/Middleware/PreventRequestsDuringMaintenance->handle()
#38 C:/xampppp/htdocs/Nelson/xd/PI-Nelson/vendor/laravel/framework/src/Illuminate/Http/Middleware/HandleCors.php(74): Illuminate/Pipeline/Pipeline->{closure:{closure:Illuminate/Pipeline/Pipeline::carry():194}:195}()
#39 C:/xampppp/htdocs/Nelson/xd/PI-Nelson/vendor/laravel/framework/src/Illuminate/Pipeline/Pipeline.php(219): Illuminate/Http/Middleware/HandleCors->handle()
#40 C:/xampppp/htdocs/Nelson/xd/PI-Nelson/vendor/laravel/framework/src/Illuminate/Http/Middleware/TrustProxies.php(58): Illuminate/Pipeline/Pipeline->{closure:{closure:Illuminate/Pipeline/Pipeline::carry():194}:195}()
#41 C:/xampppp/htdocs/Nelson/xd/PI-Nelson/vendor/laravel/framework/src/Illuminate/Pipeline/Pipeline.php(219): Illuminate/Http/Middleware/TrustProxies->handle()
#42 C:/xampppp/htdocs/Nelson/xd/PI-Nelson/vendor/laravel/framework/src/Illuminate/Foundation/Http/Middleware/InvokeDeferredCallbacks.php(22): Illuminate/Pipeline/Pipeline->{closure:{closure:Illuminate/Pipeline/Pipeline::carry():194}:195}()
#43 C:/xampppp/htdocs/Nelson/xd/PI-Nelson/vendor/laravel/framework/src/Illuminate/Pipeline/Pipeline.php(219): Illuminate/Foundation/Http/Middleware/InvokeDeferredCallbacks->handle()
#44 C:/xampppp/htdocs/Nelson/xd/PI-Nelson/vendor/laravel/framework/src/Illuminate/Http/Middleware/ValidatePathEncoding.php(26): Illuminate/Pipeline/Pipeline->{closure:{closure:Illuminate/Pipeline/Pipeline::carry():194}:195}()
#45 C:/xampppp/htdocs/Nelson/xd/PI-Nelson/vendor/laravel/framework/src/Illuminate/Pipeline/Pipeline.php(219): Illuminate/Http/Middleware/ValidatePathEncoding->handle()
#46 C:/xampppp/htdocs/Nelson/xd/PI-Nelson/vendor/laravel/framework/src/Illuminate/Pipeline/Pipeline.php(137): Illuminate/Pipeline/Pipeline->{closure:{closure:Illuminate/Pipeline/Pipeline::carry():194}:195}()
#47 C:/xampppp/htdocs/Nelson/xd/PI-Nelson/vendor/laravel/framework/src/Illuminate/Foundation/Http/Kernel.php(175): Illuminate/Pipeline/Pipeline->then()
#48 C:/xampppp/htdocs/Nelson/xd/PI-Nelson/vendor/laravel/framework/src/Illuminate/Foundation/Http/Kernel.php(144): Illuminate/Foundation/Http/Kernel->sendRequestThroughRouter()
#49 C:/xampppp/htdocs/Nelson/xd/PI-Nelson/vendor/laravel/framework/src/Illuminate/Foundation/Application.php(1220): Illuminate/Foundation/Http/Kernel->handle()
#50 C:/xampppp/htdocs/Nelson/xd/PI-Nelson/public/index.php(20): Illuminate/Foundation/Application->handleRequest()
#51 C:/xampppp/htdocs/Nelson/xd/PI-Nelson/vendor/laravel/framework/src/Illuminate/Foundation/resources/server.php(23): require_once('...')
#52 {main}
"} 
[2026-03-26 05:25:49] local.ERROR: SQLSTATE[23000]: Integrity constraint violation: 19 NOT NULL constraint failed: activos.area_id (Connection: sqlite, Database: C:\xampppp\htdocs\Nelson\xd\PI-Nelson\database\database.sqlite, SQL: insert into "activos" ("nombre", "categoria_id", "estado", "qr_code", "updated_at", "created_at") values (Multímetro Industrial Fluke, 1, Disponible, SIGAF-Y0VBJUCT, 2026-03-26 05:25:49, 2026-03-26 05:25:49)) {"userId":5,"exception":"[object] (Illuminate\\Database\\QueryException(code: 23000): SQLSTATE[23000]: Integrity constraint violation: 19 NOT NULL constraint failed: activos.area_id (Connection: sqlite, Database: C:\\xampppp\\htdocs\\Nelson\\xd\\PI-Nelson\\database\\database.sqlite, SQL: insert into \"activos\" (\"nombre\", \"categoria_id\", \"estado\", \"qr_code\", \"updated_at\", \"created_at\") values (Multímetro Industrial Fluke, 1, Disponible, SIGAF-Y0VBJUCT, 2026-03-26 05:25:49, 2026-03-26 05:25:49)) at C:/xampppp/htdocs/Nelson/xd/PI-Nelson/vendor/laravel/framework/src/Illuminate/Database/Connection.php:838)
[stacktrace]
#0 C:/xampppp/htdocs/Nelson/xd/PI-Nelson/vendor/laravel/framework/src/Illuminate/Database/Connection.php(794): Illuminate/Database/Connection->runQueryCallback()
#1 C:/xampppp/htdocs/Nelson/xd/PI-Nelson/vendor/laravel/framework/src/Illuminate/Database/Connection.php(573): Illuminate/Database/Connection->run()
#2 C:/xampppp/htdocs/Nelson/xd/PI-Nelson/vendor/laravel/framework/src/Illuminate/Database/Connection.php(537): Illuminate/Database/Connection->statement()
#3 C:/xampppp/htdocs/Nelson/xd/PI-Nelson/vendor/laravel/framework/src/Illuminate/Database/Query/Processors/Processor.php(32): Illuminate/Database/Connection->insert()
#4 C:/xampppp/htdocs/Nelson/xd/PI-Nelson/vendor/laravel/framework/src/Illuminate/Database/Query/Builder.php(4140): Illuminate/Database/Query/Processors/Processor->processInsertGetId()
#5 C:/xampppp/htdocs/Nelson/xd/PI-Nelson/vendor/laravel/framework/src/Illuminate/Database/Eloquent/Builder.php(2235): Illuminate/Database/Query/Builder->insertGetId()
#6 C:/xampppp/htdocs/Nelson/xd/PI-Nelson/vendor/laravel/framework/src/Illuminate/Database/Eloquent/Model.php(1436): Illuminate/Database/Eloquent/Builder->__call()
#7 C:/xampppp/htdocs/Nelson/xd/PI-Nelson/vendor/laravel/framework/src/Illuminate/Database/Eloquent/Model.php(1401): Illuminate/Database/Eloquent/Model->insertAndSetId()
#8 C:/xampppp/htdocs/Nelson/xd/PI-Nelson/vendor/laravel/framework/src/Illuminate/Database/Eloquent/Model.php(1240): Illuminate/Database/Eloquent/Model->performInsert()
#9 C:/xampppp/htdocs/Nelson/xd/PI-Nelson/app/Http/Controllers/AssetController.php(47): Illuminate/Database/Eloquent/Model->save()
#10 C:/xampppp/htdocs/Nelson/xd/PI-Nelson/vendor/laravel/framework/src/Illuminate/Routing/ControllerDispatcher.php(46): App/Http/Controllers/AssetController->store()
#11 C:/xampppp/htdocs/Nelson/xd/PI-Nelson/vendor/laravel/framework/src/Illuminate/Routing/Route.php(265): Illuminate/Routing/ControllerDispatcher->dispatch()
#12 C:/xampppp/htdocs/Nelson/xd/PI-Nelson/vendor/laravel/framework/src/Illuminate/Routing/Route.php(211): Illuminate/Routing/Route->runController()
#13 C:/xampppp/htdocs/Nelson/xd/PI-Nelson/vendor/laravel/framework/src/Illuminate/Routing/Router.php(822): Illuminate/Routing/Route->run()
#14 C:/xampppp/htdocs/Nelson/xd/PI-Nelson/vendor/laravel/framework/src/Illuminate/Pipeline/Pipeline.php(180): Illuminate/Routing/Router->{closure:Illuminate/Routing/Router::runRouteWithinStack():821}()
#15 C:/xampppp/htdocs/Nelson/xd/PI-Nelson/vendor/laravel/framework/src/Illuminate/Routing/Middleware/SubstituteBindings.php(50): Illuminate/Pipeline/Pipeline->{closure:Illuminate/Pipeline/Pipeline::prepareDestination():178}()
#16 C:/xampppp/htdocs/Nelson/xd/PI-Nelson/vendor/laravel/framework/src/Illuminate/Pipeline/Pipeline.php(219): Illuminate/Routing/Middleware/SubstituteBindings->handle()
#17 C:/xampppp/htdocs/Nelson/xd/PI-Nelson/vendor/laravel/framework/src/Illuminate/Auth/Middleware/Authenticate.php(63): Illuminate/Pipeline/Pipeline->{closure:{closure:Illuminate/Pipeline/Pipeline::carry():194}:195}()
#18 C:/xampppp/htdocs/Nelson/xd/PI-Nelson/vendor/laravel/framework/src/Illuminate/Pipeline/Pipeline.php(219): Illuminate/Auth/Middleware/Authenticate->handle()
#19 C:/xampppp/htdocs/Nelson/xd/PI-Nelson/vendor/laravel/framework/src/Illuminate/Pipeline/Pipeline.php(137): Illuminate/Pipeline/Pipeline->{closure:{closure:Illuminate/Pipeline/Pipeline::carry():194}:195}()
#20 C:/xampppp/htdocs/Nelson/xd/PI-Nelson/vendor/laravel/framework/src/Illuminate/Routing/Router.php(821): Illuminate/Pipeline/Pipeline->then()
#21 C:/xampppp/htdocs/Nelson/xd/PI-Nelson/vendor/laravel/framework/src/Illuminate/Routing/Router.php(800): Illuminate/Routing/Router->runRouteWithinStack()
#22 C:/xampppp/htdocs/Nelson/xd/PI-Nelson/vendor/laravel/framework/src/Illuminate/Routing/Router.php(764): Illuminate/Routing/Router->runRoute()
#23 C:/xampppp/htdocs/Nelson/xd/PI-Nelson/vendor/laravel/framework/src/Illuminate/Routing/Router.php(753): Illuminate/Routing/Router->dispatchToRoute()
#24 C:/xampppp/htdocs/Nelson/xd/PI-Nelson/vendor/laravel/framework/src/Illuminate/Foundation/Http/Kernel.php(200): Illuminate/Routing/Router->dispatch()
#25 C:/xampppp/htdocs/Nelson/xd/PI-Nelson/vendor/laravel/framework/src/Illuminate/Pipeline/Pipeline.php(180): Illuminate/Foundation/Http/Kernel->{closure:Illuminate/Foundation/Http/Kernel::dispatchToRouter():197}()
#26 C:/xampppp/htdocs/Nelson/xd/PI-Nelson/vendor/laravel/framework/src/Illuminate/Foundation/Http/Middleware/TransformsRequest.php(21): Illuminate/Pipeline/Pipeline->{closure:Illuminate/Pipeline/Pipeline::prepareDestination():178}()
#27 C:/xampppp/htdocs/Nelson/xd/PI-Nelson/vendor/laravel/framework/src/Illuminate/Foundation/Http/Middleware/ConvertEmptyStringsToNull.php(31): Illuminate/Foundation/Http/Middleware/TransformsRequest->handle()
#28 C:/xampppp/htdocs/Nelson/xd/PI-Nelson/vendor/laravel/framework/src/Illuminate/Pipeline/Pipeline.php(219): Illuminate/Foundation/Http/Middleware/ConvertEmptyStringsToNull->handle()
#29 C:/xampppp/htdocs/Nelson/xd/PI-Nelson/vendor/laravel/framework/src/Illuminate/Foundation/Http/Middleware/TransformsRequest.php(21): Illuminate/Pipeline/Pipeline->{closure:{closure:Illuminate/Pipeline/Pipeline::carry():194}:195}()
#30 C:/xampppp/htdocs/Nelson/xd/PI-Nelson/vendor/laravel/framework/src/Illuminate/Foundation/Http/Middleware/TrimStrings.php(51): Illuminate/Foundation/Http/Middleware/TransformsRequest->handle()
#31 C:/xampppp/htdocs/Nelson/xd/PI-Nelson/vendor/laravel/framework/src/Illuminate/Pipeline/Pipeline.php(219): Illuminate/Foundation/Http/Middleware/TrimStrings->handle()
#32 C:/xampppp/htdocs/Nelson/xd/PI-Nelson/vendor/laravel/framework/src/Illuminate/Http/Middleware/ValidatePostSize.php(27): Illuminate/Pipeline/Pipeline->{closure:{closure:Illuminate/Pipeline/Pipeline::carry():194}:195}()
#33 C:/xampppp/htdocs/Nelson/xd/PI-Nelson/vendor/laravel/framework/src/Illuminate/Pipeline/Pipeline.php(219): Illuminate/Http/Middleware/ValidatePostSize->handle()
#34 C:/xampppp/htdocs/Nelson/xd/PI-Nelson/vendor/laravel/framework/src/Illuminate/Foundation/Http/Middleware/PreventRequestsDuringMaintenance.php(109): Illuminate/Pipeline/Pipeline->{closure:{closure:Illuminate/Pipeline/Pipeline::carry():194}:195}()
#35 C:/xampppp/htdocs/Nelson/xd/PI-Nelson/vendor/laravel/framework/src/Illuminate/Pipeline/Pipeline.php(219): Illuminate/Foundation/Http/Middleware/PreventRequestsDuringMaintenance->handle()
#36 C:/xampppp/htdocs/Nelson/xd/PI-Nelson/vendor/laravel/framework/src/Illuminate/Http/Middleware/HandleCors.php(74): Illuminate/Pipeline/Pipeline->{closure:{closure:Illuminate/Pipeline/Pipeline::carry():194}:195}()
#37 C:/xampppp/htdocs/Nelson/xd/PI-Nelson/vendor/laravel/framework/src/Illuminate/Pipeline/Pipeline.php(219): Illuminate/Http/Middleware/HandleCors->handle()
#38 C:/xampppp/htdocs/Nelson/xd/PI-Nelson/vendor/laravel/framework/src/Illuminate/Http/Middleware/TrustProxies.php(58): Illuminate/Pipeline/Pipeline->{closure:{closure:Illuminate/Pipeline/Pipeline::carry():194}:195}()
#39 C:/xampppp/htdocs/Nelson/xd/PI-Nelson/vendor/laravel/framework/src/Illuminate/Pipeline/Pipeline.php(219): Illuminate/Http/Middleware/TrustProxies->handle()
#40 C:/xampppp/htdocs/Nelson/xd/PI-Nelson/vendor/laravel/framework/src/Illuminate/Foundation/Http/Middleware/InvokeDeferredCallbacks.php(22): Illuminate/Pipeline/Pipeline->{closure:{closure:Illuminate/Pipeline/Pipeline::carry():194}:195}()
#41 C:/xampppp/htdocs/Nelson/xd/PI-Nelson/vendor/laravel/framework/src/Illuminate/Pipeline/Pipeline.php(219): Illuminate/Foundation/Http/Middleware/InvokeDeferredCallbacks->handle()
#42 C:/xampppp/htdocs/Nelson/xd/PI-Nelson/vendor/laravel/framework/src/Illuminate/Http/Middleware/ValidatePathEncoding.php(26): Illuminate/Pipeline/Pipeline->{closure:{closure:Illuminate/Pipeline/Pipeline::carry():194}:195}()
#43 C:/xampppp/htdocs/Nelson/xd/PI-Nelson/vendor/laravel/framework/src/Illuminate/Pipeline/Pipeline.php(219): Illuminate/Http/Middleware/ValidatePathEncoding->handle()
#44 C:/xampppp/htdocs/Nelson/xd/PI-Nelson/vendor/laravel/framework/src/Illuminate/Pipeline/Pipeline.php(137): Illuminate/Pipeline/Pipeline->{closure:{closure:Illuminate/Pipeline/Pipeline::carry():194}:195}()
#45 C:/xampppp/htdocs/Nelson/xd/PI-Nelson/vendor/laravel/framework/src/Illuminate/Foundation/Http/Kernel.php(175): Illuminate/Pipeline/Pipeline->then()
#46 C:/xampppp/htdocs/Nelson/xd/PI-Nelson/vendor/laravel/framework/src/Illuminate/Foundation/Http/Kernel.php(144): Illuminate/Foundation/Http/Kernel->sendRequestThroughRouter()
#47 C:/xampppp/htdocs/Nelson/xd/PI-Nelson/vendor/laravel/framework/src/Illuminate/Foundation/Application.php(1220): Illuminate/Foundation/Http/Kernel->handle()
#48 C:/xampppp/htdocs/Nelson/xd/PI-Nelson/public/index.php(20): Illuminate/Foundation/Application->handleRequest()
#49 C:/xampppp/htdocs/Nelson/xd/PI-Nelson/vendor/laravel/framework/src/Illuminate/Foundation/resources/server.php(23): require_once('...')
#50 {main}

[previous exception] [object] (PDOException(code: 23000): SQLSTATE[23000]: Integrity constraint violation: 19 NOT NULL constraint failed: activos.area_id at C:/xampppp/htdocs/Nelson/xd/PI-Nelson/vendor/laravel/framework/src/Illuminate/Database/Connection.php:584)
[stacktrace]
#0 C:/xampppp/htdocs/Nelson/xd/PI-Nelson/vendor/laravel/framework/src/Illuminate/Database/Connection.php(584): PDOStatement->execute()
#1 C:/xampppp/htdocs/Nelson/xd/PI-Nelson/vendor/laravel/framework/src/Illuminate/Database/Connection.php(827): Illuminate/Database/Connection->{closure:Illuminate/Database/Connection::statement():573}()
#2 C:/xampppp/htdocs/Nelson/xd/PI-Nelson/vendor/laravel/framework/src/Illuminate/Database/Connection.php(794): Illuminate/Database/Connection->runQueryCallback()
#3 C:/xampppp/htdocs/Nelson/xd/PI-Nelson/vendor/laravel/framework/src/Illuminate/Database/Connection.php(573): Illuminate/Database/Connection->run()
#4 C:/xampppp/htdocs/Nelson/xd/PI-Nelson/vendor/laravel/framework/src/Illuminate/Database/Connection.php(537): Illuminate/Database/Connection->statement()
#5 C:/xampppp/htdocs/Nelson/xd/PI-Nelson/vendor/laravel/framework/src/Illuminate/Database/Query/Processors/Processor.php(32): Illuminate/Database/Connection->insert()
#6 C:/xampppp/htdocs/Nelson/xd/PI-Nelson/vendor/laravel/framework/src/Illuminate/Database/Query/Builder.php(4140): Illuminate/Database/Query/Processors/Processor->processInsertGetId()
#7 C:/xampppp/htdocs/Nelson/xd/PI-Nelson/vendor/laravel/framework/src/Illuminate/Database/Eloquent/Builder.php(2235): Illuminate/Database/Query/Builder->insertGetId()
#8 C:/xampppp/htdocs/Nelson/xd/PI-Nelson/vendor/laravel/framework/src/Illuminate/Database/Eloquent/Model.php(1436): Illuminate/Database/Eloquent/Builder->__call()
#9 C:/xampppp/htdocs/Nelson/xd/PI-Nelson/vendor/laravel/framework/src/Illuminate/Database/Eloquent/Model.php(1401): Illuminate/Database/Eloquent/Model->insertAndSetId()
#10 C:/xampppp/htdocs/Nelson/xd/PI-Nelson/vendor/laravel/framework/src/Illuminate/Database/Eloquent/Model.php(1240): Illuminate/Database/Eloquent/Model->performInsert()
#11 C:/xampppp/htdocs/Nelson/xd/PI-Nelson/app/Http/Controllers/AssetController.php(47): Illuminate/Database/Eloquent/Model->save()
#12 C:/xampppp/htdocs/Nelson/xd/PI-Nelson/vendor/laravel/framework/src/Illuminate/Routing/ControllerDispatcher.php(46): App/Http/Controllers/AssetController->store()
#13 C:/xampppp/htdocs/Nelson/xd/PI-Nelson/vendor/laravel/framework/src/Illuminate/Routing/Route.php(265): Illuminate/Routing/ControllerDispatcher->dispatch()
#14 C:/xampppp/htdocs/Nelson/xd/PI-Nelson/vendor/laravel/framework/src/Illuminate/Routing/Route.php(211): Illuminate/Routing/Route->runController()
#15 C:/xampppp/htdocs/Nelson/xd/PI-Nelson/vendor/laravel/framework/src/Illuminate/Routing/Router.php(822): Illuminate/Routing/Route->run()
#16 C:/xampppp/htdocs/Nelson/xd/PI-Nelson/vendor/laravel/framework/src/Illuminate/Pipeline/Pipeline.php(180): Illuminate/Routing/Router->{closure:Illuminate/Routing/Router::runRouteWithinStack():821}()
#17 C:/xampppp/htdocs/Nelson/xd/PI-Nelson/vendor/laravel/framework/src/Illuminate/Routing/Middleware/SubstituteBindings.php(50): Illuminate/Pipeline/Pipeline->{closure:Illuminate/Pipeline/Pipeline::prepareDestination():178}()
#18 C:/xampppp/htdocs/Nelson/xd/PI-Nelson/vendor/laravel/framework/src/Illuminate/Pipeline/Pipeline.php(219): Illuminate/Routing/Middleware/SubstituteBindings->handle()
#19 C:/xampppp/htdocs/Nelson/xd/PI-Nelson/vendor/laravel/framework/src/Illuminate/Auth/Middleware/Authenticate.php(63): Illuminate/Pipeline/Pipeline->{closure:{closure:Illuminate/Pipeline/Pipeline::carry():194}:195}()
#20 C:/xampppp/htdocs/Nelson/xd/PI-Nelson/vendor/laravel/framework/src/Illuminate/Pipeline/Pipeline.php(219): Illuminate/Auth/Middleware/Authenticate->handle()
#21 C:/xampppp/htdocs/Nelson/xd/PI-Nelson/vendor/laravel/framework/src/Illuminate/Pipeline/Pipeline.php(137): Illuminate/Pipeline/Pipeline->{closure:{closure:Illuminate/Pipeline/Pipeline::carry():194}:195}()
#22 C:/xampppp/htdocs/Nelson/xd/PI-Nelson/vendor/laravel/framework/src/Illuminate/Routing/Router.php(821): Illuminate/Pipeline/Pipeline->then()
#23 C:/xampppp/htdocs/Nelson/xd/PI-Nelson/vendor/laravel/framework/src/Illuminate/Routing/Router.php(800): Illuminate/Routing/Router->runRouteWithinStack()
#24 C:/xampppp/htdocs/Nelson/xd/PI-Nelson/vendor/laravel/framework/src/Illuminate/Routing/Router.php(764): Illuminate/Routing/Router->runRoute()
#25 C:/xampppp/htdocs/Nelson/xd/PI-Nelson/vendor/laravel/framework/src/Illuminate/Routing/Router.php(753): Illuminate/Routing/Router->dispatchToRoute()
#26 C:/xampppp/htdocs/Nelson/xd/PI-Nelson/vendor/laravel/framework/src/Illuminate/Foundation/Http/Kernel.php(200): Illuminate/Routing/Router->dispatch()
#27 C:/xampppp/htdocs/Nelson/xd/PI-Nelson/vendor/laravel/framework/src/Illuminate/Pipeline/Pipeline.php(180): Illuminate/Foundation/Http/Kernel->{closure:Illuminate/Foundation/Http/Kernel::dispatchToRouter():197}()
#28 C:/xampppp/htdocs/Nelson/xd/PI-Nelson/vendor/laravel/framework/src/Illuminate/Foundation/Http/Middleware/TransformsRequest.php(21): Illuminate/Pipeline/Pipeline->{closure:Illuminate/Pipeline/Pipeline::prepareDestination():178}()
#29 C:/xampppp/htdocs/Nelson/xd/PI-Nelson/vendor/laravel/framework/src/Illuminate/Foundation/Http/Middleware/ConvertEmptyStringsToNull.php(31): Illuminate/Foundation/Http/Middleware/TransformsRequest->handle()
#30 C:/xampppp/htdocs/Nelson/xd/PI-Nelson/vendor/laravel/framework/src/Illuminate/Pipeline/Pipeline.php(219): Illuminate/Foundation/Http/Middleware/ConvertEmptyStringsToNull->handle()
#31 C:/xampppp/htdocs/Nelson/xd/PI-Nelson/vendor/laravel/framework/src/Illuminate/Foundation/Http/Middleware/TransformsRequest.php(21): Illuminate/Pipeline/Pipeline->{closure:{closure:Illuminate/Pipeline/Pipeline::carry():194}:195}()
#32 C:/xampppp/htdocs/Nelson/xd/PI-Nelson/vendor/laravel/framework/src/Illuminate/Foundation/Http/Middleware/TrimStrings.php(51): Illuminate/Foundation/Http/Middleware/TransformsRequest->handle()
#33 C:/xampppp/htdocs/Nelson/xd/PI-Nelson/vendor/laravel/framework/src/Illuminate/Pipeline/Pipeline.php(219): Illuminate/Foundation/Http/Middleware/TrimStrings->handle()
#34 C:/xampppp/htdocs/Nelson/xd/PI-Nelson/vendor/laravel/framework/src/Illuminate/Http/Middleware/ValidatePostSize.php(27): Illuminate/Pipeline/Pipeline->{closure:{closure:Illuminate/Pipeline/Pipeline::carry():194}:195}()
#35 C:/xampppp/htdocs/Nelson/xd/PI-Nelson/vendor/laravel/framework/src/Illuminate/Pipeline/Pipeline.php(219): Illuminate/Http/Middleware/ValidatePostSize->handle()
#36 C:/xampppp/htdocs/Nelson/xd/PI-Nelson/vendor/laravel/framework/src/Illuminate/Foundation/Http/Middleware/PreventRequestsDuringMaintenance.php(109): Illuminate/Pipeline/Pipeline->{closure:{closure:Illuminate/Pipeline/Pipeline::carry():194}:195}()
#37 C:/xampppp/htdocs/Nelson/xd/PI-Nelson/vendor/laravel/framework/src/Illuminate/Pipeline/Pipeline.php(219): Illuminate/Foundation/Http/Middleware/PreventRequestsDuringMaintenance->handle()
#38 C:/xampppp/htdocs/Nelson/xd/PI-Nelson/vendor/laravel/framework/src/Illuminate/Http/Middleware/HandleCors.php(74): Illuminate/Pipeline/Pipeline->{closure:{closure:Illuminate/Pipeline/Pipeline::carry():194}:195}()
#39 C:/xampppp/htdocs/Nelson/xd/PI-Nelson/vendor/laravel/framework/src/Illuminate/Pipeline/Pipeline.php(219): Illuminate/Http/Middleware/HandleCors->handle()
#40 C:/xampppp/htdocs/Nelson/xd/PI-Nelson/vendor/laravel/framework/src/Illuminate/Http/Middleware/TrustProxies.php(58): Illuminate/Pipeline/Pipeline->{closure:{closure:Illuminate/Pipeline/Pipeline::carry():194}:195}()
#41 C:/xampppp/htdocs/Nelson/xd/PI-Nelson/vendor/laravel/framework/src/Illuminate/Pipeline/Pipeline.php(219): Illuminate/Http/Middleware/TrustProxies->handle()
#42 C:/xampppp/htdocs/Nelson/xd/PI-Nelson/vendor/laravel/framework/src/Illuminate/Foundation/Http/Middleware/InvokeDeferredCallbacks.php(22): Illuminate/Pipeline/Pipeline->{closure:{closure:Illuminate/Pipeline/Pipeline::carry():194}:195}()
#43 C:/xampppp/htdocs/Nelson/xd/PI-Nelson/vendor/laravel/framework/src/Illuminate/Pipeline/Pipeline.php(219): Illuminate/Foundation/Http/Middleware/InvokeDeferredCallbacks->handle()
#44 C:/xampppp/htdocs/Nelson/xd/PI-Nelson/vendor/laravel/framework/src/Illuminate/Http/Middleware/ValidatePathEncoding.php(26): Illuminate/Pipeline/Pipeline->{closure:{closure:Illuminate/Pipeline/Pipeline::carry():194}:195}()
#45 C:/xampppp/htdocs/Nelson/xd/PI-Nelson/vendor/laravel/framework/src/Illuminate/Pipeline/Pipeline.php(219): Illuminate/Http/Middleware/ValidatePathEncoding->handle()
#46 C:/xampppp/htdocs/Nelson/xd/PI-Nelson/vendor/laravel/framework/src/Illuminate/Pipeline/Pipeline.php(137): Illuminate/Pipeline/Pipeline->{closure:{closure:Illuminate/Pipeline/Pipeline::carry():194}:195}()
#47 C:/xampppp/htdocs/Nelson/xd/PI-Nelson/vendor/laravel/framework/src/Illuminate/Foundation/Http/Kernel.php(175): Illuminate/Pipeline/Pipeline->then()
#48 C:/xampppp/htdocs/Nelson/xd/PI-Nelson/vendor/laravel/framework/src/Illuminate/Foundation/Http/Kernel.php(144): Illuminate/Foundation/Http/Kernel->sendRequestThroughRouter()
#49 C:/xampppp/htdocs/Nelson/xd/PI-Nelson/vendor/laravel/framework/src/Illuminate/Foundation/Application.php(1220): Illuminate/Foundation/Http/Kernel->handle()
#50 C:/xampppp/htdocs/Nelson/xd/PI-Nelson/public/index.php(20): Illuminate/Foundation/Application->handleRequest()
#51 C:/xampppp/htdocs/Nelson/xd/PI-Nelson/vendor/laravel/framework/src/Illuminate/Foundation/resources/server.php(23): require_once('...')
#52 {main}
"} 
[2026-03-26 05:25:50] local.ERROR: SQLSTATE[23000]: Integrity constraint violation: 19 NOT NULL constraint failed: activos.area_id (Connection: sqlite, Database: C:\xampppp\htdocs\Nelson\xd\PI-Nelson\database\database.sqlite, SQL: insert into "activos" ("nombre", "categoria_id", "estado", "qr_code", "updated_at", "created_at") values (Multímetro Industrial Fluke, 1, Disponible, SIGAF-AQVTWJVJ, 2026-03-26 05:25:50, 2026-03-26 05:25:50)) {"userId":5,"exception":"[object] (Illuminate\\Database\\QueryException(code: 23000): SQLSTATE[23000]: Integrity constraint violation: 19 NOT NULL constraint failed: activos.area_id (Connection: sqlite, Database: C:\\xampppp\\htdocs\\Nelson\\xd\\PI-Nelson\\database\\database.sqlite, SQL: insert into \"activos\" (\"nombre\", \"categoria_id\", \"estado\", \"qr_code\", \"updated_at\", \"created_at\") values (Multímetro Industrial Fluke, 1, Disponible, SIGAF-AQVTWJVJ, 2026-03-26 05:25:50, 2026-03-26 05:25:50)) at C:/xampppp/htdocs/Nelson/xd/PI-Nelson/vendor/laravel/framework/src/Illuminate/Database/Connection.php:838)
[stacktrace]
#0 C:/xampppp/htdocs/Nelson/xd/PI-Nelson/vendor/laravel/framework/src/Illuminate/Database/Connection.php(794): Illuminate/Database/Connection->runQueryCallback()
#1 C:/xampppp/htdocs/Nelson/xd/PI-Nelson/vendor/laravel/framework/src/Illuminate/Database/Connection.php(573): Illuminate/Database/Connection->run()
#2 C:/xampppp/htdocs/Nelson/xd/PI-Nelson/vendor/laravel/framework/src/Illuminate/Database/Connection.php(537): Illuminate/Database/Connection->statement()
#3 C:/xampppp/htdocs/Nelson/xd/PI-Nelson/vendor/laravel/framework/src/Illuminate/Database/Query/Processors/Processor.php(32): Illuminate/Database/Connection->insert()
#4 C:/xampppp/htdocs/Nelson/xd/PI-Nelson/vendor/laravel/framework/src/Illuminate/Database/Query/Builder.php(4140): Illuminate/Database/Query/Processors/Processor->processInsertGetId()
#5 C:/xampppp/htdocs/Nelson/xd/PI-Nelson/vendor/laravel/framework/src/Illuminate/Database/Eloquent/Builder.php(2235): Illuminate/Database/Query/Builder->insertGetId()
#6 C:/xampppp/htdocs/Nelson/xd/PI-Nelson/vendor/laravel/framework/src/Illuminate/Database/Eloquent/Model.php(1436): Illuminate/Database/Eloquent/Builder->__call()
#7 C:/xampppp/htdocs/Nelson/xd/PI-Nelson/vendor/laravel/framework/src/Illuminate/Database/Eloquent/Model.php(1401): Illuminate/Database/Eloquent/Model->insertAndSetId()
#8 C:/xampppp/htdocs/Nelson/xd/PI-Nelson/vendor/laravel/framework/src/Illuminate/Database/Eloquent/Model.php(1240): Illuminate/Database/Eloquent/Model->performInsert()
#9 C:/xampppp/htdocs/Nelson/xd/PI-Nelson/app/Http/Controllers/AssetController.php(47): Illuminate/Database/Eloquent/Model->save()
#10 C:/xampppp/htdocs/Nelson/xd/PI-Nelson/vendor/laravel/framework/src/Illuminate/Routing/ControllerDispatcher.php(46): App/Http/Controllers/AssetController->store()
#11 C:/xampppp/htdocs/Nelson/xd/PI-Nelson/vendor/laravel/framework/src/Illuminate/Routing/Route.php(265): Illuminate/Routing/ControllerDispatcher->dispatch()
#12 C:/xampppp/htdocs/Nelson/xd/PI-Nelson/vendor/laravel/framework/src/Illuminate/Routing/Route.php(211): Illuminate/Routing/Route->runController()
#13 C:/xampppp/htdocs/Nelson/xd/PI-Nelson/vendor/laravel/framework/src/Illuminate/Routing/Router.php(822): Illuminate/Routing/Route->run()
#14 C:/xampppp/htdocs/Nelson/xd/PI-Nelson/vendor/laravel/framework/src/Illuminate/Pipeline/Pipeline.php(180): Illuminate/Routing/Router->{closure:Illuminate/Routing/Router::runRouteWithinStack():821}()
#15 C:/xampppp/htdocs/Nelson/xd/PI-Nelson/vendor/laravel/framework/src/Illuminate/Routing/Middleware/SubstituteBindings.php(50): Illuminate/Pipeline/Pipeline->{closure:Illuminate/Pipeline/Pipeline::prepareDestination():178}()
#16 C:/xampppp/htdocs/Nelson/xd/PI-Nelson/vendor/laravel/framework/src/Illuminate/Pipeline/Pipeline.php(219): Illuminate/Routing/Middleware/SubstituteBindings->handle()
#17 C:/xampppp/htdocs/Nelson/xd/PI-Nelson/vendor/laravel/framework/src/Illuminate/Auth/Middleware/Authenticate.php(63): Illuminate/Pipeline/Pipeline->{closure:{closure:Illuminate/Pipeline/Pipeline::carry():194}:195}()
#18 C:/xampppp/htdocs/Nelson/xd/PI-Nelson/vendor/laravel/framework/src/Illuminate/Pipeline/Pipeline.php(219): Illuminate/Auth/Middleware/Authenticate->handle()
#19 C:/xampppp/htdocs/Nelson/xd/PI-Nelson/vendor/laravel/framework/src/Illuminate/Pipeline/Pipeline.php(137): Illuminate/Pipeline/Pipeline->{closure:{closure:Illuminate/Pipeline/Pipeline::carry():194}:195}()
#20 C:/xampppp/htdocs/Nelson/xd/PI-Nelson/vendor/laravel/framework/src/Illuminate/Routing/Router.php(821): Illuminate/Pipeline/Pipeline->then()
#21 C:/xampppp/htdocs/Nelson/xd/PI-Nelson/vendor/laravel/framework/src/Illuminate/Routing/Router.php(800): Illuminate/Routing/Router->runRouteWithinStack()
#22 C:/xampppp/htdocs/Nelson/xd/PI-Nelson/vendor/laravel/framework/src/Illuminate/Routing/Router.php(764): Illuminate/Routing/Router->runRoute()
#23 C:/xampppp/htdocs/Nelson/xd/PI-Nelson/vendor/laravel/framework/src/Illuminate/Routing/Router.php(753): Illuminate/Routing/Router->dispatchToRoute()
#24 C:/xampppp/htdocs/Nelson/xd/PI-Nelson/vendor/laravel/framework/src/Illuminate/Foundation/Http/Kernel.php(200): Illuminate/Routing/Router->dispatch()
#25 C:/xampppp/htdocs/Nelson/xd/PI-Nelson/vendor/laravel/framework/src/Illuminate/Pipeline/Pipeline.php(180): Illuminate/Foundation/Http/Kernel->{closure:Illuminate/Foundation/Http/Kernel::dispatchToRouter():197}()
#26 C:/xampppp/htdocs/Nelson/xd/PI-Nelson/vendor/laravel/framework/src/Illuminate/Foundation/Http/Middleware/TransformsRequest.php(21): Illuminate/Pipeline/Pipeline->{closure:Illuminate/Pipeline/Pipeline::prepareDestination():178}()
#27 C:/xampppp/htdocs/Nelson/xd/PI-Nelson/vendor/laravel/framework/src/Illuminate/Foundation/Http/Middleware/ConvertEmptyStringsToNull.php(31): Illuminate/Foundation/Http/Middleware/TransformsRequest->handle()
#28 C:/xampppp/htdocs/Nelson/xd/PI-Nelson/vendor/laravel/framework/src/Illuminate/Pipeline/Pipeline.php(219): Illuminate/Foundation/Http/Middleware/ConvertEmptyStringsToNull->handle()
#29 C:/xampppp/htdocs/Nelson/xd/PI-Nelson/vendor/laravel/framework/src/Illuminate/Foundation/Http/Middleware/TransformsRequest.php(21): Illuminate/Pipeline/Pipeline->{closure:{closure:Illuminate/Pipeline/Pipeline::carry():194}:195}()
#30 C:/xampppp/htdocs/Nelson/xd/PI-Nelson/vendor/laravel/framework/src/Illuminate/Foundation/Http/Middleware/TrimStrings.php(51): Illuminate/Foundation/Http/Middleware/TransformsRequest->handle()
#31 C:/xampppp/htdocs/Nelson/xd/PI-Nelson/vendor/laravel/framework/src/Illuminate/Pipeline/Pipeline.php(219): Illuminate/Foundation/Http/Middleware/TrimStrings->handle()
#32 C:/xampppp/htdocs/Nelson/xd/PI-Nelson/vendor/laravel/framework/src/Illuminate/Http/Middleware/ValidatePostSize.php(27): Illuminate/Pipeline/Pipeline->{closure:{closure:Illuminate/Pipeline/Pipeline::carry():194}:195}()
#33 C:/xampppp/htdocs/Nelson/xd/PI-Nelson/vendor/laravel/framework/src/Illuminate/Pipeline/Pipeline.php(219): Illuminate/Http/Middleware/ValidatePostSize->handle()
#34 C:/xampppp/htdocs/Nelson/xd/PI-Nelson/vendor/laravel/framework/src/Illuminate/Foundation/Http/Middleware/PreventRequestsDuringMaintenance.php(109): Illuminate/Pipeline/Pipeline->{closure:{closure:Illuminate/Pipeline/Pipeline::carry():194}:195}()
#35 C:/xampppp/htdocs/Nelson/xd/PI-Nelson/vendor/laravel/framework/src/Illuminate/Pipeline/Pipeline.php(219): Illuminate/Foundation/Http/Middleware/PreventRequestsDuringMaintenance->handle()
#36 C:/xampppp/htdocs/Nelson/xd/PI-Nelson/vendor/laravel/framework/src/Illuminate/Http/Middleware/HandleCors.php(74): Illuminate/Pipeline/Pipeline->{closure:{closure:Illuminate/Pipeline/Pipeline::carry():194}:195}()
#37 C:/xampppp/htdocs/Nelson/xd/PI-Nelson/vendor/laravel/framework/src/Illuminate/Pipeline/Pipeline.php(219): Illuminate/Http/Middleware/HandleCors->handle()
#38 C:/xampppp/htdocs/Nelson/xd/PI-Nelson/vendor/laravel/framework/src/Illuminate/Http/Middleware/TrustProxies.php(58): Illuminate/Pipeline/Pipeline->{closure:{closure:Illuminate/Pipeline/Pipeline::carry():194}:195}()
#39 C:/xampppp/htdocs/Nelson/xd/PI-Nelson/vendor/laravel/framework/src/Illuminate/Pipeline/Pipeline.php(219): Illuminate/Http/Middleware/TrustProxies->handle()
#40 C:/xampppp/htdocs/Nelson/xd/PI-Nelson/vendor/laravel/framework/src/Illuminate/Foundation/Http/Middleware/InvokeDeferredCallbacks.php(22): Illuminate/Pipeline/Pipeline->{closure:{closure:Illuminate/Pipeline/Pipeline::carry():194}:195}()
#41 C:/xampppp/htdocs/Nelson/xd/PI-Nelson/vendor/laravel/framework/src/Illuminate/Pipeline/Pipeline.php(219): Illuminate/Foundation/Http/Middleware/InvokeDeferredCallbacks->handle()
#42 C:/xampppp/htdocs/Nelson/xd/PI-Nelson/vendor/laravel/framework/src/Illuminate/Http/Middleware/ValidatePathEncoding.php(26): Illuminate/Pipeline/Pipeline->{closure:{closure:Illuminate/Pipeline/Pipeline::carry():194}:195}()
#43 C:/xampppp/htdocs/Nelson/xd/PI-Nelson/vendor/laravel/framework/src/Illuminate/Pipeline/Pipeline.php(219): Illuminate/Http/Middleware/ValidatePathEncoding->handle()
#44 C:/xampppp/htdocs/Nelson/xd/PI-Nelson/vendor/laravel/framework/src/Illuminate/Pipeline/Pipeline.php(137): Illuminate/Pipeline/Pipeline->{closure:{closure:Illuminate/Pipeline/Pipeline::carry():194}:195}()
#45 C:/xampppp/htdocs/Nelson/xd/PI-Nelson/vendor/laravel/framework/src/Illuminate/Foundation/Http/Kernel.php(175): Illuminate/Pipeline/Pipeline->then()
#46 C:/xampppp/htdocs/Nelson/xd/PI-Nelson/vendor/laravel/framework/src/Illuminate/Foundation/Http/Kernel.php(144): Illuminate/Foundation/Http/Kernel->sendRequestThroughRouter()
#47 C:/xampppp/htdocs/Nelson/xd/PI-Nelson/vendor/laravel/framework/src/Illuminate/Foundation/Application.php(1220): Illuminate/Foundation/Http/Kernel->handle()
#48 C:/xampppp/htdocs/Nelson/xd/PI-Nelson/public/index.php(20): Illuminate/Foundation/Application->handleRequest()
#49 C:/xampppp/htdocs/Nelson/xd/PI-Nelson/vendor/laravel/framework/src/Illuminate/Foundation/resources/server.php(23): require_once('...')
#50 {main}

[previous exception] [object] (PDOException(code: 23000): SQLSTATE[23000]: Integrity constraint violation: 19 NOT NULL constraint failed: activos.area_id at C:/xampppp/htdocs/Nelson/xd/PI-Nelson/vendor/laravel/framework/src/Illuminate/Database/Connection.php:584)
[stacktrace]
#0 C:/xampppp/htdocs/Nelson/xd/PI-Nelson/vendor/laravel/framework/src/Illuminate/Database/Connection.php(584): PDOStatement->execute()
#1 C:/xampppp/htdocs/Nelson/xd/PI-Nelson/vendor/laravel/framework/src/Illuminate/Database/Connection.php(827): Illuminate/Database/Connection->{closure:Illuminate/Database/Connection::statement():573}()
#2 C:/xampppp/htdocs/Nelson/xd/PI-Nelson/vendor/laravel/framework/src/Illuminate/Database/Connection.php(794): Illuminate/Database/Connection->runQueryCallback()
#3 C:/xampppp/htdocs/Nelson/xd/PI-Nelson/vendor/laravel/framework/src/Illuminate/Database/Connection.php(573): Illuminate/Database/Connection->run()
#4 C:/xampppp/htdocs/Nelson/xd/PI-Nelson/vendor/laravel/framework/src/Illuminate/Database/Connection.php(537): Illuminate/Database/Connection->statement()
#5 C:/xampppp/htdocs/Nelson/xd/PI-Nelson/vendor/laravel/framework/src/Illuminate/Database/Query/Processors/Processor.php(32): Illuminate/Database/Connection->insert()
#6 C:/xampppp/htdocs/Nelson/xd/PI-Nelson/vendor/laravel/framework/src/Illuminate/Database/Query/Builder.php(4140): Illuminate/Database/Query/Processors/Processor->processInsertGetId()
#7 C:/xampppp/htdocs/Nelson/xd/PI-Nelson/vendor/laravel/framework/src/Illuminate/Database/Eloquent/Builder.php(2235): Illuminate/Database/Query/Builder->insertGetId()
#8 C:/xampppp/htdocs/Nelson/xd/PI-Nelson/vendor/laravel/framework/src/Illuminate/Database/Eloquent/Model.php(1436): Illuminate/Database/Eloquent/Builder->__call()
#9 C:/xampppp/htdocs/Nelson/xd/PI-Nelson/vendor/laravel/framework/src/Illuminate/Database/Eloquent/Model.php(1401): Illuminate/Database/Eloquent/Model->insertAndSetId()
#10 C:/xampppp/htdocs/Nelson/xd/PI-Nelson/vendor/laravel/framework/src/Illuminate/Database/Eloquent/Model.php(1240): Illuminate/Database/Eloquent/Model->performInsert()
#11 C:/xampppp/htdocs/Nelson/xd/PI-Nelson/app/Http/Controllers/AssetController.php(47): Illuminate/Database/Eloquent/Model->save()
#12 C:/xampppp/htdocs/Nelson/xd/PI-Nelson/vendor/laravel/framework/src/Illuminate/Routing/ControllerDispatcher.php(46): App/Http/Controllers/AssetController->store()
#13 C:/xampppp/htdocs/Nelson/xd/PI-Nelson/vendor/laravel/framework/src/Illuminate/Routing/Route.php(265): Illuminate/Routing/ControllerDispatcher->dispatch()
#14 C:/xampppp/htdocs/Nelson/xd/PI-Nelson/vendor/laravel/framework/src/Illuminate/Routing/Route.php(211): Illuminate/Routing/Route->runController()
#15 C:/xampppp/htdocs/Nelson/xd/PI-Nelson/vendor/laravel/framework/src/Illuminate/Routing/Router.php(822): Illuminate/Routing/Route->run()
#16 C:/xampppp/htdocs/Nelson/xd/PI-Nelson/vendor/laravel/framework/src/Illuminate/Pipeline/Pipeline.php(180): Illuminate/Routing/Router->{closure:Illuminate/Routing/Router::runRouteWithinStack():821}()
#17 C:/xampppp/htdocs/Nelson/xd/PI-Nelson/vendor/laravel/framework/src/Illuminate/Routing/Middleware/SubstituteBindings.php(50): Illuminate/Pipeline/Pipeline->{closure:Illuminate/Pipeline/Pipeline::prepareDestination():178}()
#18 C:/xampppp/htdocs/Nelson/xd/PI-Nelson/vendor/laravel/framework/src/Illuminate/Pipeline/Pipeline.php(219): Illuminate/Routing/Middleware/SubstituteBindings->handle()
#19 C:/xampppp/htdocs/Nelson/xd/PI-Nelson/vendor/laravel/framework/src/Illuminate/Auth/Middleware/Authenticate.php(63): Illuminate/Pipeline/Pipeline->{closure:{closure:Illuminate/Pipeline/Pipeline::carry():194}:195}()
#20 C:/xampppp/htdocs/Nelson/xd/PI-Nelson/vendor/laravel/framework/src/Illuminate/Pipeline/Pipeline.php(219): Illuminate/Auth/Middleware/Authenticate->handle()
#21 C:/xampppp/htdocs/Nelson/xd/PI-Nelson/vendor/laravel/framework/src/Illuminate/Pipeline/Pipeline.php(137): Illuminate/Pipeline/Pipeline->{closure:{closure:Illuminate/Pipeline/Pipeline::carry():194}:195}()
#22 C:/xampppp/htdocs/Nelson/xd/PI-Nelson/vendor/laravel/framework/src/Illuminate/Routing/Router.php(821): Illuminate/Pipeline/Pipeline->then()
#23 C:/xampppp/htdocs/Nelson/xd/PI-Nelson/vendor/laravel/framework/src/Illuminate/Routing/Router.php(800): Illuminate/Routing/Router->runRouteWithinStack()
#24 C:/xampppp/htdocs/Nelson/xd/PI-Nelson/vendor/laravel/framework/src/Illuminate/Routing/Router.php(764): Illuminate/Routing/Router->runRoute()
#25 C:/xampppp/htdocs/Nelson/xd/PI-Nelson/vendor/laravel/framework/src/Illuminate/Routing/Router.php(753): Illuminate/Routing/Router->dispatchToRoute()
#26 C:/xampppp/htdocs/Nelson/xd/PI-Nelson/vendor/laravel/framework/src/Illuminate/Foundation/Http/Kernel.php(200): Illuminate/Routing/Router->dispatch()
#27 C:/xampppp/htdocs/Nelson/xd/PI-Nelson/vendor/laravel/framework/src/Illuminate/Pipeline/Pipeline.php(180): Illuminate/Foundation/Http/Kernel->{closure:Illuminate/Foundation/Http/Kernel::dispatchToRouter():197}()
#28 C:/xampppp/htdocs/Nelson/xd/PI-Nelson/vendor/laravel/framework/src/Illuminate/Foundation/Http/Middleware/TransformsRequest.php(21): Illuminate/Pipeline/Pipeline->{closure:Illuminate/Pipeline/Pipeline::prepareDestination():178}()
#29 C:/xampppp/htdocs/Nelson/xd/PI-Nelson/vendor/laravel/framework/src/Illuminate/Foundation/Http/Middleware/ConvertEmptyStringsToNull.php(31): Illuminate/Foundation/Http/Middleware/TransformsRequest->handle()
#30 C:/xampppp/htdocs/Nelson/xd/PI-Nelson/vendor/laravel/framework/src/Illuminate/Pipeline/Pipeline.php(219): Illuminate/Foundation/Http/Middleware/ConvertEmptyStringsToNull->handle()
#31 C:/xampppp/htdocs/Nelson/xd/PI-Nelson/vendor/laravel/framework/src/Illuminate/Foundation/Http/Middleware/TransformsRequest.php(21): Illuminate/Pipeline/Pipeline->{closure:{closure:Illuminate/Pipeline/Pipeline::carry():194}:195}()
#32 C:/xampppp/htdocs/Nelson/xd/PI-Nelson/vendor/laravel/framework/src/Illuminate/Foundation/Http/Middleware/TrimStrings.php(51): Illuminate/Foundation/Http/Middleware/TransformsRequest->handle()
#33 C:/xampppp/htdocs/Nelson/xd/PI-Nelson/vendor/laravel/framework/src/Illuminate/Pipeline/Pipeline.php(219): Illuminate/Foundation/Http/Middleware/TrimStrings->handle()
#34 C:/xampppp/htdocs/Nelson/xd/PI-Nelson/vendor/laravel/framework/src/Illuminate/Http/Middleware/ValidatePostSize.php(27): Illuminate/Pipeline/Pipeline->{closure:{closure:Illuminate/Pipeline/Pipeline::carry():194}:195}()
#35 C:/xampppp/htdocs/Nelson/xd/PI-Nelson/vendor/laravel/framework/src/Illuminate/Pipeline/Pipeline.php(219): Illuminate/Http/Middleware/ValidatePostSize->handle()
#36 C:/xampppp/htdocs/Nelson/xd/PI-Nelson/vendor/laravel/framework/src/Illuminate/Foundation/Http/Middleware/PreventRequestsDuringMaintenance.php(109): Illuminate/Pipeline/Pipeline->{closure:{closure:Illuminate/Pipeline/Pipeline::carry():194}:195}()
#37 C:/xampppp/htdocs/Nelson/xd/PI-Nelson/vendor/laravel/framework/src/Illuminate/Pipeline/Pipeline.php(219): Illuminate/Foundation/Http/Middleware/PreventRequestsDuringMaintenance->handle()
#38 C:/xampppp/htdocs/Nelson/xd/PI-Nelson/vendor/laravel/framework/src/Illuminate/Http/Middleware/HandleCors.php(74): Illuminate/Pipeline/Pipeline->{closure:{closure:Illuminate/Pipeline/Pipeline::carry():194}:195}()
#39 C:/xampppp/htdocs/Nelson/xd/PI-Nelson/vendor/laravel/framework/src/Illuminate/Pipeline/Pipeline.php(219): Illuminate/Http/Middleware/HandleCors->handle()
#40 C:/xampppp/htdocs/Nelson/xd/PI-Nelson/vendor/laravel/framework/src/Illuminate/Http/Middleware/TrustProxies.php(58): Illuminate/Pipeline/Pipeline->{closure:{closure:Illuminate/Pipeline/Pipeline::carry():194}:195}()
#41 C:/xampppp/htdocs/Nelson/xd/PI-Nelson/vendor/laravel/framework/src/Illuminate/Pipeline/Pipeline.php(219): Illuminate/Http/Middleware/TrustProxies->handle()
#42 C:/xampppp/htdocs/Nelson/xd/PI-Nelson/vendor/laravel/framework/src/Illuminate/Foundation/Http/Middleware/InvokeDeferredCallbacks.php(22): Illuminate/Pipeline/Pipeline->{closure:{closure:Illuminate/Pipeline/Pipeline::carry():194}:195}()
#43 C:/xampppp/htdocs/Nelson/xd/PI-Nelson/vendor/laravel/framework/src/Illuminate/Pipeline/Pipeline.php(219): Illuminate/Foundation/Http/Middleware/InvokeDeferredCallbacks->handle()
#44 C:/xampppp/htdocs/Nelson/xd/PI-Nelson/vendor/laravel/framework/src/Illuminate/Http/Middleware/ValidatePathEncoding.php(26): Illuminate/Pipeline/Pipeline->{closure:{closure:Illuminate/Pipeline/Pipeline::carry():194}:195}()
#45 C:/xampppp/htdocs/Nelson/xd/PI-Nelson/vendor/laravel/framework/src/Illuminate/Pipeline/Pipeline.php(219): Illuminate/Http/Middleware/ValidatePathEncoding->handle()
#46 C:/xampppp/htdocs/Nelson/xd/PI-Nelson/vendor/laravel/framework/src/Illuminate/Pipeline/Pipeline.php(137): Illuminate/Pipeline/Pipeline->{closure:{closure:Illuminate/Pipeline/Pipeline::carry():194}:195}()
#47 C:/xampppp/htdocs/Nelson/xd/PI-Nelson/vendor/laravel/framework/src/Illuminate/Foundation/Http/Kernel.php(175): Illuminate/Pipeline/Pipeline->then()
#48 C:/xampppp/htdocs/Nelson/xd/PI-Nelson/vendor/laravel/framework/src/Illuminate/Foundation/Http/Kernel.php(144): Illuminate/Foundation/Http/Kernel->sendRequestThroughRouter()
#49 C:/xampppp/htdocs/Nelson/xd/PI-Nelson/vendor/laravel/framework/src/Illuminate/Foundation/Application.php(1220): Illuminate/Foundation/Http/Kernel->handle()
#50 C:/xampppp/htdocs/Nelson/xd/PI-Nelson/public/index.php(20): Illuminate/Foundation/Application->handleRequest()
#51 C:/xampppp/htdocs/Nelson/xd/PI-Nelson/vendor/laravel/framework/src/Illuminate/Foundation/resources/server.php(23): require_once('...')
#52 {main}
"} 
[2026-03-26 05:25:56] local.ERROR: SQLSTATE[23000]: Integrity constraint violation: 19 NOT NULL constraint failed: activos.area_id (Connection: sqlite, Database: C:\xampppp\htdocs\Nelson\xd\PI-Nelson\database\database.sqlite, SQL: insert into "activos" ("nombre", "categoria_id", "estado", "qr_code", "updated_at", "created_at") values (Multímetro Industrial Fluke, 1, Disponible, SIGAF-1WDS9EXT, 2026-03-26 05:25:56, 2026-03-26 05:25:56)) {"userId":5,"exception":"[object] (Illuminate\\Database\\QueryException(code: 23000): SQLSTATE[23000]: Integrity constraint violation: 19 NOT NULL constraint failed: activos.area_id (Connection: sqlite, Database: C:\\xampppp\\htdocs\\Nelson\\xd\\PI-Nelson\\database\\database.sqlite, SQL: insert into \"activos\" (\"nombre\", \"categoria_id\", \"estado\", \"qr_code\", \"updated_at\", \"created_at\") values (Multímetro Industrial Fluke, 1, Disponible, SIGAF-1WDS9EXT, 2026-03-26 05:25:56, 2026-03-26 05:25:56)) at C:/xampppp/htdocs/Nelson/xd/PI-Nelson/vendor/laravel/framework/src/Illuminate/Database/Connection.php:838)
[stacktrace]
#0 C:/xampppp/htdocs/Nelson/xd/PI-Nelson/vendor/laravel/framework/src/Illuminate/Database/Connection.php(794): Illuminate/Database/Connection->runQueryCallback()
#1 C:/xampppp/htdocs/Nelson/xd/PI-Nelson/vendor/laravel/framework/src/Illuminate/Database/Connection.php(573): Illuminate/Database/Connection->run()
#2 C:/xampppp/htdocs/Nelson/xd/PI-Nelson/vendor/laravel/framework/src/Illuminate/Database/Connection.php(537): Illuminate/Database/Connection->statement()
#3 C:/xampppp/htdocs/Nelson/xd/PI-Nelson/vendor/laravel/framework/src/Illuminate/Database/Query/Processors/Processor.php(32): Illuminate/Database/Connection->insert()
#4 C:/xampppp/htdocs/Nelson/xd/PI-Nelson/vendor/laravel/framework/src/Illuminate/Database/Query/Builder.php(4140): Illuminate/Database/Query/Processors/Processor->processInsertGetId()
#5 C:/xampppp/htdocs/Nelson/xd/PI-Nelson/vendor/laravel/framework/src/Illuminate/Database/Eloquent/Builder.php(2235): Illuminate/Database/Query/Builder->insertGetId()
#6 C:/xampppp/htdocs/Nelson/xd/PI-Nelson/vendor/laravel/framework/src/Illuminate/Database/Eloquent/Model.php(1436): Illuminate/Database/Eloquent/Builder->__call()
#7 C:/xampppp/htdocs/Nelson/xd/PI-Nelson/vendor/laravel/framework/src/Illuminate/Database/Eloquent/Model.php(1401): Illuminate/Database/Eloquent/Model->insertAndSetId()
#8 C:/xampppp/htdocs/Nelson/xd/PI-Nelson/vendor/laravel/framework/src/Illuminate/Database/Eloquent/Model.php(1240): Illuminate/Database/Eloquent/Model->performInsert()
#9 C:/xampppp/htdocs/Nelson/xd/PI-Nelson/app/Http/Controllers/AssetController.php(47): Illuminate/Database/Eloquent/Model->save()
#10 C:/xampppp/htdocs/Nelson/xd/PI-Nelson/vendor/laravel/framework/src/Illuminate/Routing/ControllerDispatcher.php(46): App/Http/Controllers/AssetController->store()
#11 C:/xampppp/htdocs/Nelson/xd/PI-Nelson/vendor/laravel/framework/src/Illuminate/Routing/Route.php(265): Illuminate/Routing/ControllerDispatcher->dispatch()
#12 C:/xampppp/htdocs/Nelson/xd/PI-Nelson/vendor/laravel/framework/src/Illuminate/Routing/Route.php(211): Illuminate/Routing/Route->runController()
#13 C:/xampppp/htdocs/Nelson/xd/PI-Nelson/vendor/laravel/framework/src/Illuminate/Routing/Router.php(822): Illuminate/Routing/Route->run()
#14 C:/xampppp/htdocs/Nelson/xd/PI-Nelson/vendor/laravel/framework/src/Illuminate/Pipeline/Pipeline.php(180): Illuminate/Routing/Router->{closure:Illuminate/Routing/Router::runRouteWithinStack():821}()
#15 C:/xampppp/htdocs/Nelson/xd/PI-Nelson/vendor/laravel/framework/src/Illuminate/Routing/Middleware/SubstituteBindings.php(50): Illuminate/Pipeline/Pipeline->{closure:Illuminate/Pipeline/Pipeline::prepareDestination():178}()
#16 C:/xampppp/htdocs/Nelson/xd/PI-Nelson/vendor/laravel/framework/src/Illuminate/Pipeline/Pipeline.php(219): Illuminate/Routing/Middleware/SubstituteBindings->handle()
#17 C:/xampppp/htdocs/Nelson/xd/PI-Nelson/vendor/laravel/framework/src/Illuminate/Auth/Middleware/Authenticate.php(63): Illuminate/Pipeline/Pipeline->{closure:{closure:Illuminate/Pipeline/Pipeline::carry():194}:195}()
#18 C:/xampppp/htdocs/Nelson/xd/PI-Nelson/vendor/laravel/framework/src/Illuminate/Pipeline/Pipeline.php(219): Illuminate/Auth/Middleware/Authenticate->handle()
#19 C:/xampppp/htdocs/Nelson/xd/PI-Nelson/vendor/laravel/framework/src/Illuminate/Pipeline/Pipeline.php(137): Illuminate/Pipeline/Pipeline->{closure:{closure:Illuminate/Pipeline/Pipeline::carry():194}:195}()
#20 C:/xampppp/htdocs/Nelson/xd/PI-Nelson/vendor/laravel/framework/src/Illuminate/Routing/Router.php(821): Illuminate/Pipeline/Pipeline->then()
#21 C:/xampppp/htdocs/Nelson/xd/PI-Nelson/vendor/laravel/framework/src/Illuminate/Routing/Router.php(800): Illuminate/Routing/Router->runRouteWithinStack()
#22 C:/xampppp/htdocs/Nelson/xd/PI-Nelson/vendor/laravel/framework/src/Illuminate/Routing/Router.php(764): Illuminate/Routing/Router->runRoute()
#23 C:/xampppp/htdocs/Nelson/xd/PI-Nelson/vendor/laravel/framework/src/Illuminate/Routing/Router.php(753): Illuminate/Routing/Router->dispatchToRoute()
#24 C:/xampppp/htdocs/Nelson/xd/PI-Nelson/vendor/laravel/framework/src/Illuminate/Foundation/Http/Kernel.php(200): Illuminate/Routing/Router->dispatch()
#25 C:/xampppp/htdocs/Nelson/xd/PI-Nelson/vendor/laravel/framework/src/Illuminate/Pipeline/Pipeline.php(180): Illuminate/Foundation/Http/Kernel->{closure:Illuminate/Foundation/Http/Kernel::dispatchToRouter():197}()
#26 C:/xampppp/htdocs/Nelson/xd/PI-Nelson/vendor/laravel/framework/src/Illuminate/Foundation/Http/Middleware/TransformsRequest.php(21): Illuminate/Pipeline/Pipeline->{closure:Illuminate/Pipeline/Pipeline::prepareDestination():178}()
#27 C:/xampppp/htdocs/Nelson/xd/PI-Nelson/vendor/laravel/framework/src/Illuminate/Foundation/Http/Middleware/ConvertEmptyStringsToNull.php(31): Illuminate/Foundation/Http/Middleware/TransformsRequest->handle()
#28 C:/xampppp/htdocs/Nelson/xd/PI-Nelson/vendor/laravel/framework/src/Illuminate/Pipeline/Pipeline.php(219): Illuminate/Foundation/Http/Middleware/ConvertEmptyStringsToNull->handle()
#29 C:/xampppp/htdocs/Nelson/xd/PI-Nelson/vendor/laravel/framework/src/Illuminate/Foundation/Http/Middleware/TransformsRequest.php(21): Illuminate/Pipeline/Pipeline->{closure:{closure:Illuminate/Pipeline/Pipeline::carry():194}:195}()
#30 C:/xampppp/htdocs/Nelson/xd/PI-Nelson/vendor/laravel/framework/src/Illuminate/Foundation/Http/Middleware/TrimStrings.php(51): Illuminate/Foundation/Http/Middleware/TransformsRequest->handle()
#31 C:/xampppp/htdocs/Nelson/xd/PI-Nelson/vendor/laravel/framework/src/Illuminate/Pipeline/Pipeline.php(219): Illuminate/Foundation/Http/Middleware/TrimStrings->handle()
#32 C:/xampppp/htdocs/Nelson/xd/PI-Nelson/vendor/laravel/framework/src/Illuminate/Http/Middleware/ValidatePostSize.php(27): Illuminate/Pipeline/Pipeline->{closure:{closure:Illuminate/Pipeline/Pipeline::carry():194}:195}()
#33 C:/xampppp/htdocs/Nelson/xd/PI-Nelson/vendor/laravel/framework/src/Illuminate/Pipeline/Pipeline.php(219): Illuminate/Http/Middleware/ValidatePostSize->handle()
#34 C:/xampppp/htdocs/Nelson/xd/PI-Nelson/vendor/laravel/framework/src/Illuminate/Foundation/Http/Middleware/PreventRequestsDuringMaintenance.php(109): Illuminate/Pipeline/Pipeline->{closure:{closure:Illuminate/Pipeline/Pipeline::carry():194}:195}()
#35 C:/xampppp/htdocs/Nelson/xd/PI-Nelson/vendor/laravel/framework/src/Illuminate/Pipeline/Pipeline.php(219): Illuminate/Foundation/Http/Middleware/PreventRequestsDuringMaintenance->handle()
#36 C:/xampppp/htdocs/Nelson/xd/PI-Nelson/vendor/laravel/framework/src/Illuminate/Http/Middleware/HandleCors.php(74): Illuminate/Pipeline/Pipeline->{closure:{closure:Illuminate/Pipeline/Pipeline::carry():194}:195}()
#37 C:/xampppp/htdocs/Nelson/xd/PI-Nelson/vendor/laravel/framework/src/Illuminate/Pipeline/Pipeline.php(219): Illuminate/Http/Middleware/HandleCors->handle()
#38 C:/xampppp/htdocs/Nelson/xd/PI-Nelson/vendor/laravel/framework/src/Illuminate/Http/Middleware/TrustProxies.php(58): Illuminate/Pipeline/Pipeline->{closure:{closure:Illuminate/Pipeline/Pipeline::carry():194}:195}()
#39 C:/xampppp/htdocs/Nelson/xd/PI-Nelson/vendor/laravel/framework/src/Illuminate/Pipeline/Pipeline.php(219): Illuminate/Http/Middleware/TrustProxies->handle()
#40 C:/xampppp/htdocs/Nelson/xd/PI-Nelson/vendor/laravel/framework/src/Illuminate/Foundation/Http/Middleware/InvokeDeferredCallbacks.php(22): Illuminate/Pipeline/Pipeline->{closure:{closure:Illuminate/Pipeline/Pipeline::carry():194}:195}()
#41 C:/xampppp/htdocs/Nelson/xd/PI-Nelson/vendor/laravel/framework/src/Illuminate/Pipeline/Pipeline.php(219): Illuminate/Foundation/Http/Middleware/InvokeDeferredCallbacks->handle()
#42 C:/xampppp/htdocs/Nelson/xd/PI-Nelson/vendor/laravel/framework/src/Illuminate/Http/Middleware/ValidatePathEncoding.php(26): Illuminate/Pipeline/Pipeline->{closure:{closure:Illuminate/Pipeline/Pipeline::carry():194}:195}()
#43 C:/xampppp/htdocs/Nelson/xd/PI-Nelson/vendor/laravel/framework/src/Illuminate/Pipeline/Pipeline.php(219): Illuminate/Http/Middleware/ValidatePathEncoding->handle()
#44 C:/xampppp/htdocs/Nelson/xd/PI-Nelson/vendor/laravel/framework/src/Illuminate/Pipeline/Pipeline.php(137): Illuminate/Pipeline/Pipeline->{closure:{closure:Illuminate/Pipeline/Pipeline::carry():194}:195}()
#45 C:/xampppp/htdocs/Nelson/xd/PI-Nelson/vendor/laravel/framework/src/Illuminate/Foundation/Http/Kernel.php(175): Illuminate/Pipeline/Pipeline->then()
#46 C:/xampppp/htdocs/Nelson/xd/PI-Nelson/vendor/laravel/framework/src/Illuminate/Foundation/Http/Kernel.php(144): Illuminate/Foundation/Http/Kernel->sendRequestThroughRouter()
#47 C:/xampppp/htdocs/Nelson/xd/PI-Nelson/vendor/laravel/framework/src/Illuminate/Foundation/Application.php(1220): Illuminate/Foundation/Http/Kernel->handle()
#48 C:/xampppp/htdocs/Nelson/xd/PI-Nelson/public/index.php(20): Illuminate/Foundation/Application->handleRequest()
#49 C:/xampppp/htdocs/Nelson/xd/PI-Nelson/vendor/laravel/framework/src/Illuminate/Foundation/resources/server.php(23): require_once('...')
#50 {main}

[previous exception] [object] (PDOException(code: 23000): SQLSTATE[23000]: Integrity constraint violation: 19 NOT NULL constraint failed: activos.area_id at C:/xampppp/htdocs/Nelson/xd/PI-Nelson/vendor/laravel/framework/src/Illuminate/Database/Connection.php:584)
[stacktrace]
#0 C:/xampppp/htdocs/Nelson/xd/PI-Nelson/vendor/laravel/framework/src/Illuminate/Database/Connection.php(584): PDOStatement->execute()
#1 C:/xampppp/htdocs/Nelson/xd/PI-Nelson/vendor/laravel/framework/src/Illuminate/Database/Connection.php(827): Illuminate/Database/Connection->{closure:Illuminate/Database/Connection::statement():573}()
#2 C:/xampppp/htdocs/Nelson/xd/PI-Nelson/vendor/laravel/framework/src/Illuminate/Database/Connection.php(794): Illuminate/Database/Connection->runQueryCallback()
#3 C:/xampppp/htdocs/Nelson/xd/PI-Nelson/vendor/laravel/framework/src/Illuminate/Database/Connection.php(573): Illuminate/Database/Connection->run()
#4 C:/xampppp/htdocs/Nelson/xd/PI-Nelson/vendor/laravel/framework/src/Illuminate/Database/Connection.php(537): Illuminate/Database/Connection->statement()
#5 C:/xampppp/htdocs/Nelson/xd/PI-Nelson/vendor/laravel/framework/src/Illuminate/Database/Query/Processors/Processor.php(32): Illuminate/Database/Connection->insert()
#6 C:/xampppp/htdocs/Nelson/xd/PI-Nelson/vendor/laravel/framework/src/Illuminate/Database/Query/Builder.php(4140): Illuminate/Database/Query/Processors/Processor->processInsertGetId()
#7 C:/xampppp/htdocs/Nelson/xd/PI-Nelson/vendor/laravel/framework/src/Illuminate/Database/Eloquent/Builder.php(2235): Illuminate/Database/Query/Builder->insertGetId()
#8 C:/xampppp/htdocs/Nelson/xd/PI-Nelson/vendor/laravel/framework/src/Illuminate/Database/Eloquent/Model.php(1436): Illuminate/Database/Eloquent/Builder->__call()
#9 C:/xampppp/htdocs/Nelson/xd/PI-Nelson/vendor/laravel/framework/src/Illuminate/Database/Eloquent/Model.php(1401): Illuminate/Database/Eloquent/Model->insertAndSetId()
#10 C:/xampppp/htdocs/Nelson/xd/PI-Nelson/vendor/laravel/framework/src/Illuminate/Database/Eloquent/Model.php(1240): Illuminate/Database/Eloquent/Model->performInsert()
#11 C:/xampppp/htdocs/Nelson/xd/PI-Nelson/app/Http/Controllers/AssetController.php(47): Illuminate/Database/Eloquent/Model->save()
#12 C:/xampppp/htdocs/Nelson/xd/PI-Nelson/vendor/laravel/framework/src/Illuminate/Routing/ControllerDispatcher.php(46): App/Http/Controllers/AssetController->store()
#13 C:/xampppp/htdocs/Nelson/xd/PI-Nelson/vendor/laravel/framework/src/Illuminate/Routing/Route.php(265): Illuminate/Routing/ControllerDispatcher->dispatch()
#14 C:/xampppp/htdocs/Nelson/xd/PI-Nelson/vendor/laravel/framework/src/Illuminate/Routing/Route.php(211): Illuminate/Routing/Route->runController()
#15 C:/xampppp/htdocs/Nelson/xd/PI-Nelson/vendor/laravel/framework/src/Illuminate/Routing/Router.php(822): Illuminate/Routing/Route->run()
#16 C:/xampppp/htdocs/Nelson/xd/PI-Nelson/vendor/laravel/framework/src/Illuminate/Pipeline/Pipeline.php(180): Illuminate/Routing/Router->{closure:Illuminate/Routing/Router::runRouteWithinStack():821}()
#17 C:/xampppp/htdocs/Nelson/xd/PI-Nelson/vendor/laravel/framework/src/Illuminate/Routing/Middleware/SubstituteBindings.php(50): Illuminate/Pipeline/Pipeline->{closure:Illuminate/Pipeline/Pipeline::prepareDestination():178}()
#18 C:/xampppp/htdocs/Nelson/xd/PI-Nelson/vendor/laravel/framework/src/Illuminate/Pipeline/Pipeline.php(219): Illuminate/Routing/Middleware/SubstituteBindings->handle()
#19 C:/xampppp/htdocs/Nelson/xd/PI-Nelson/vendor/laravel/framework/src/Illuminate/Auth/Middleware/Authenticate.php(63): Illuminate/Pipeline/Pipeline->{closure:{closure:Illuminate/Pipeline/Pipeline::carry():194}:195}()
#20 C:/xampppp/htdocs/Nelson/xd/PI-Nelson/vendor/laravel/framework/src/Illuminate/Pipeline/Pipeline.php(219): Illuminate/Auth/Middleware/Authenticate->handle()
#21 C:/xampppp/htdocs/Nelson/xd/PI-Nelson/vendor/laravel/framework/src/Illuminate/Pipeline/Pipeline.php(137): Illuminate/Pipeline/Pipeline->{closure:{closure:Illuminate/Pipeline/Pipeline::carry():194}:195}()
#22 C:/xampppp/htdocs/Nelson/xd/PI-Nelson/vendor/laravel/framework/src/Illuminate/Routing/Router.php(821): Illuminate/Pipeline/Pipeline->then()
#23 C:/xampppp/htdocs/Nelson/xd/PI-Nelson/vendor/laravel/framework/src/Illuminate/Routing/Router.php(800): Illuminate/Routing/Router->runRouteWithinStack()
#24 C:/xampppp/htdocs/Nelson/xd/PI-Nelson/vendor/laravel/framework/src/Illuminate/Routing/Router.php(764): Illuminate/Routing/Router->runRoute()
#25 C:/xampppp/htdocs/Nelson/xd/PI-Nelson/vendor/laravel/framework/src/Illuminate/Routing/Router.php(753): Illuminate/Routing/Router->dispatchToRoute()
#26 C:/xampppp/htdocs/Nelson/xd/PI-Nelson/vendor/laravel/framework/src/Illuminate/Foundation/Http/Kernel.php(200): Illuminate/Routing/Router->dispatch()
#27 C:/xampppp/htdocs/Nelson/xd/PI-Nelson/vendor/laravel/framework/src/Illuminate/Pipeline/Pipeline.php(180): Illuminate/Foundation/Http/Kernel->{closure:Illuminate/Foundation/Http/Kernel::dispatchToRouter():197}()
#28 C:/xampppp/htdocs/Nelson/xd/PI-Nelson/vendor/laravel/framework/src/Illuminate/Foundation/Http/Middleware/TransformsRequest.php(21): Illuminate/Pipeline/Pipeline->{closure:Illuminate/Pipeline/Pipeline::prepareDestination():178}()
#29 C:/xampppp/htdocs/Nelson/xd/PI-Nelson/vendor/laravel/framework/src/Illuminate/Foundation/Http/Middleware/ConvertEmptyStringsToNull.php(31): Illuminate/Foundation/Http/Middleware/TransformsRequest->handle()
#30 C:/xampppp/htdocs/Nelson/xd/PI-Nelson/vendor/laravel/framework/src/Illuminate/Pipeline/Pipeline.php(219): Illuminate/Foundation/Http/Middleware/ConvertEmptyStringsToNull->handle()
#31 C:/xampppp/htdocs/Nelson/xd/PI-Nelson/vendor/laravel/framework/src/Illuminate/Foundation/Http/Middleware/TransformsRequest.php(21): Illuminate/Pipeline/Pipeline->{closure:{closure:Illuminate/Pipeline/Pipeline::carry():194}:195}()
#32 C:/xampppp/htdocs/Nelson/xd/PI-Nelson/vendor/laravel/framework/src/Illuminate/Foundation/Http/Middleware/TrimStrings.php(51): Illuminate/Foundation/Http/Middleware/TransformsRequest->handle()
#33 C:/xampppp/htdocs/Nelson/xd/PI-Nelson/vendor/laravel/framework/src/Illuminate/Pipeline/Pipeline.php(219): Illuminate/Foundation/Http/Middleware/TrimStrings->handle()
#34 C:/xampppp/htdocs/Nelson/xd/PI-Nelson/vendor/laravel/framework/src/Illuminate/Http/Middleware/ValidatePostSize.php(27): Illuminate/Pipeline/Pipeline->{closure:{closure:Illuminate/Pipeline/Pipeline::carry():194}:195}()
#35 C:/xampppp/htdocs/Nelson/xd/PI-Nelson/vendor/laravel/framework/src/Illuminate/Pipeline/Pipeline.php(219): Illuminate/Http/Middleware/ValidatePostSize->handle()
#36 C:/xampppp/htdocs/Nelson/xd/PI-Nelson/vendor/laravel/framework/src/Illuminate/Foundation/Http/Middleware/PreventRequestsDuringMaintenance.php(109): Illuminate/Pipeline/Pipeline->{closure:{closure:Illuminate/Pipeline/Pipeline::carry():194}:195}()
#37 C:/xampppp/htdocs/Nelson/xd/PI-Nelson/vendor/laravel/framework/src/Illuminate/Pipeline/Pipeline.php(219): Illuminate/Foundation/Http/Middleware/PreventRequestsDuringMaintenance->handle()
#38 C:/xampppp/htdocs/Nelson/xd/PI-Nelson/vendor/laravel/framework/src/Illuminate/Http/Middleware/HandleCors.php(74): Illuminate/Pipeline/Pipeline->{closure:{closure:Illuminate/Pipeline/Pipeline::carry():194}:195}()
#39 C:/xampppp/htdocs/Nelson/xd/PI-Nelson/vendor/laravel/framework/src/Illuminate/Pipeline/Pipeline.php(219): Illuminate/Http/Middleware/HandleCors->handle()
#40 C:/xampppp/htdocs/Nelson/xd/PI-Nelson/vendor/laravel/framework/src/Illuminate/Http/Middleware/TrustProxies.php(58): Illuminate/Pipeline/Pipeline->{closure:{closure:Illuminate/Pipeline/Pipeline::carry():194}:195}()
#41 C:/xampppp/htdocs/Nelson/xd/PI-Nelson/vendor/laravel/framework/src/Illuminate/Pipeline/Pipeline.php(219): Illuminate/Http/Middleware/TrustProxies->handle()
#42 C:/xampppp/htdocs/Nelson/xd/PI-Nelson/vendor/laravel/framework/src/Illuminate/Foundation/Http/Middleware/InvokeDeferredCallbacks.php(22): Illuminate/Pipeline/Pipeline->{closure:{closure:Illuminate/Pipeline/Pipeline::carry():194}:195}()
#43 C:/xampppp/htdocs/Nelson/xd/PI-Nelson/vendor/laravel/framework/src/Illuminate/Pipeline/Pipeline.php(219): Illuminate/Foundation/Http/Middleware/InvokeDeferredCallbacks->handle()
#44 C:/xampppp/htdocs/Nelson/xd/PI-Nelson/vendor/laravel/framework/src/Illuminate/Http/Middleware/ValidatePathEncoding.php(26): Illuminate/Pipeline/Pipeline->{closure:{closure:Illuminate/Pipeline/Pipeline::carry():194}:195}()
#45 C:/xampppp/htdocs/Nelson/xd/PI-Nelson/vendor/laravel/framework/src/Illuminate/Pipeline/Pipeline.php(219): Illuminate/Http/Middleware/ValidatePathEncoding->handle()
#46 C:/xampppp/htdocs/Nelson/xd/PI-Nelson/vendor/laravel/framework/src/Illuminate/Pipeline/Pipeline.php(137): Illuminate/Pipeline/Pipeline->{closure:{closure:Illuminate/Pipeline/Pipeline::carry():194}:195}()
#47 C:/xampppp/htdocs/Nelson/xd/PI-Nelson/vendor/laravel/framework/src/Illuminate/Foundation/Http/Kernel.php(175): Illuminate/Pipeline/Pipeline->then()
#48 C:/xampppp/htdocs/Nelson/xd/PI-Nelson/vendor/laravel/framework/src/Illuminate/Foundation/Http/Kernel.php(144): Illuminate/Foundation/Http/Kernel->sendRequestThroughRouter()
#49 C:/xampppp/htdocs/Nelson/xd/PI-Nelson/vendor/laravel/framework/src/Illuminate/Foundation/Application.php(1220): Illuminate/Foundation/Http/Kernel->handle()
#50 C:/xampppp/htdocs/Nelson/xd/PI-Nelson/public/index.php(20): Illuminate/Foundation/Application->handleRequest()
#51 C:/xampppp/htdocs/Nelson/xd/PI-Nelson/vendor/laravel/framework/src/Illuminate/Foundation/resources/server.php(23): require_once('...')
#52 {main}
"} 
[2026-03-26 05:27:01] local.ERROR: syntax error, unexpected token "=>" {"exception":"[object] (ParseError(code: 0): syntax error, unexpected token \"=>\" at C:/xampppp/htdocs/Nelson/xd/PI-Nelson/app/Http/Controllers/AssetController.php:24)
[stacktrace]
#0 C:/xampppp/htdocs/Nelson/xd/PI-Nelson/vendor/composer/ClassLoader.php(427): {closure:Composer/Autoload/ClassLoader::initializeIncludeClosure():575}()
#1 [internal function]: Composer/Autoload/ClassLoader->loadClass()
#2 C:/xampppp/htdocs/Nelson/xd/PI-Nelson/vendor/laravel/framework/src/Illuminate/Routing/Route.php(1125): is_a()
#3 C:/xampppp/htdocs/Nelson/xd/PI-Nelson/vendor/laravel/framework/src/Illuminate/Routing/Route.php(1062): Illuminate/Routing/Route->controllerMiddleware()
#4 C:/xampppp/htdocs/Nelson/xd/PI-Nelson/vendor/laravel/framework/src/Illuminate/Routing/Router.php(834): Illuminate/Routing/Route->gatherMiddleware()
#5 C:/xampppp/htdocs/Nelson/xd/PI-Nelson/vendor/laravel/framework/src/Illuminate/Routing/Router.php(816): Illuminate/Routing/Router->gatherRouteMiddleware()
#6 C:/xampppp/htdocs/Nelson/xd/PI-Nelson/vendor/laravel/framework/src/Illuminate/Routing/Router.php(800): Illuminate/Routing/Router->runRouteWithinStack()
#7 C:/xampppp/htdocs/Nelson/xd/PI-Nelson/vendor/laravel/framework/src/Illuminate/Routing/Router.php(764): Illuminate/Routing/Router->runRoute()
#8 C:/xampppp/htdocs/Nelson/xd/PI-Nelson/vendor/laravel/framework/src/Illuminate/Routing/Router.php(753): Illuminate/Routing/Router->dispatchToRoute()
#9 C:/xampppp/htdocs/Nelson/xd/PI-Nelson/vendor/laravel/framework/src/Illuminate/Foundation/Http/Kernel.php(200): Illuminate/Routing/Router->dispatch()
#10 C:/xampppp/htdocs/Nelson/xd/PI-Nelson/vendor/laravel/framework/src/Illuminate/Pipeline/Pipeline.php(180): Illuminate/Foundation/Http/Kernel->{closure:Illuminate/Foundation/Http/Kernel::dispatchToRouter():197}()
#11 C:/xampppp/htdocs/Nelson/xd/PI-Nelson/vendor/laravel/framework/src/Illuminate/Foundation/Http/Middleware/TransformsRequest.php(21): Illuminate/Pipeline/Pipeline->{closure:Illuminate/Pipeline/Pipeline::prepareDestination():178}()
#12 C:/xampppp/htdocs/Nelson/xd/PI-Nelson/vendor/laravel/framework/src/Illuminate/Foundation/Http/Middleware/ConvertEmptyStringsToNull.php(31): Illuminate/Foundation/Http/Middleware/TransformsRequest->handle()
#13 C:/xampppp/htdocs/Nelson/xd/PI-Nelson/vendor/laravel/framework/src/Illuminate/Pipeline/Pipeline.php(219): Illuminate/Foundation/Http/Middleware/ConvertEmptyStringsToNull->handle()
#14 C:/xampppp/htdocs/Nelson/xd/PI-Nelson/vendor/laravel/framework/src/Illuminate/Foundation/Http/Middleware/TransformsRequest.php(21): Illuminate/Pipeline/Pipeline->{closure:{closure:Illuminate/Pipeline/Pipeline::carry():194}:195}()
#15 C:/xampppp/htdocs/Nelson/xd/PI-Nelson/vendor/laravel/framework/src/Illuminate/Foundation/Http/Middleware/TrimStrings.php(51): Illuminate/Foundation/Http/Middleware/TransformsRequest->handle()
#16 C:/xampppp/htdocs/Nelson/xd/PI-Nelson/vendor/laravel/framework/src/Illuminate/Pipeline/Pipeline.php(219): Illuminate/Foundation/Http/Middleware/TrimStrings->handle()
#17 C:/xampppp/htdocs/Nelson/xd/PI-Nelson/vendor/laravel/framework/src/Illuminate/Http/Middleware/ValidatePostSize.php(27): Illuminate/Pipeline/Pipeline->{closure:{closure:Illuminate/Pipeline/Pipeline::carry():194}:195}()
#18 C:/xampppp/htdocs/Nelson/xd/PI-Nelson/vendor/laravel/framework/src/Illuminate/Pipeline/Pipeline.php(219): Illuminate/Http/Middleware/ValidatePostSize->handle()
#19 C:/xampppp/htdocs/Nelson/xd/PI-Nelson/vendor/laravel/framework/src/Illuminate/Foundation/Http/Middleware/PreventRequestsDuringMaintenance.php(109): Illuminate/Pipeline/Pipeline->{closure:{closure:Illuminate/Pipeline/Pipeline::carry():194}:195}()
#20 C:/xampppp/htdocs/Nelson/xd/PI-Nelson/vendor/laravel/framework/src/Illuminate/Pipeline/Pipeline.php(219): Illuminate/Foundation/Http/Middleware/PreventRequestsDuringMaintenance->handle()
#21 C:/xampppp/htdocs/Nelson/xd/PI-Nelson/vendor/laravel/framework/src/Illuminate/Http/Middleware/HandleCors.php(74): Illuminate/Pipeline/Pipeline->{closure:{closure:Illuminate/Pipeline/Pipeline::carry():194}:195}()
#22 C:/xampppp/htdocs/Nelson/xd/PI-Nelson/vendor/laravel/framework/src/Illuminate/Pipeline/Pipeline.php(219): Illuminate/Http/Middleware/HandleCors->handle()
#23 C:/xampppp/htdocs/Nelson/xd/PI-Nelson/vendor/laravel/framework/src/Illuminate/Http/Middleware/TrustProxies.php(58): Illuminate/Pipeline/Pipeline->{closure:{closure:Illuminate/Pipeline/Pipeline::carry():194}:195}()
#24 C:/xampppp/htdocs/Nelson/xd/PI-Nelson/vendor/laravel/framework/src/Illuminate/Pipeline/Pipeline.php(219): Illuminate/Http/Middleware/TrustProxies->handle()
#25 C:/xampppp/htdocs/Nelson/xd/PI-Nelson/vendor/laravel/framework/src/Illuminate/Foundation/Http/Middleware/InvokeDeferredCallbacks.php(22): Illuminate/Pipeline/Pipeline->{closure:{closure:Illuminate/Pipeline/Pipeline::carry():194}:195}()
#26 C:/xampppp/htdocs/Nelson/xd/PI-Nelson/vendor/laravel/framework/src/Illuminate/Pipeline/Pipeline.php(219): Illuminate/Foundation/Http/Middleware/InvokeDeferredCallbacks->handle()
#27 C:/xampppp/htdocs/Nelson/xd/PI-Nelson/vendor/laravel/framework/src/Illuminate/Http/Middleware/ValidatePathEncoding.php(26): Illuminate/Pipeline/Pipeline->{closure:{closure:Illuminate/Pipeline/Pipeline::carry():194}:195}()
#28 C:/xampppp/htdocs/Nelson/xd/PI-Nelson/vendor/laravel/framework/src/Illuminate/Pipeline/Pipeline.php(219): Illuminate/Http/Middleware/ValidatePathEncoding->handle()
#29 C:/xampppp/htdocs/Nelson/xd/PI-Nelson/vendor/laravel/framework/src/Illuminate/Pipeline/Pipeline.php(137): Illuminate/Pipeline/Pipeline->{closure:{closure:Illuminate/Pipeline/Pipeline::carry():194}:195}()
#30 C:/xampppp/htdocs/Nelson/xd/PI-Nelson/vendor/laravel/framework/src/Illuminate/Foundation/Http/Kernel.php(175): Illuminate/Pipeline/Pipeline->then()
#31 C:/xampppp/htdocs/Nelson/xd/PI-Nelson/vendor/laravel/framework/src/Illuminate/Foundation/Http/Kernel.php(144): Illuminate/Foundation/Http/Kernel->sendRequestThroughRouter()
#32 C:/xampppp/htdocs/Nelson/xd/PI-Nelson/vendor/laravel/framework/src/Illuminate/Foundation/Application.php(1220): Illuminate/Foundation/Http/Kernel->handle()
#33 C:/xampppp/htdocs/Nelson/xd/PI-Nelson/public/index.php(20): Illuminate/Foundation/Application->handleRequest()
#34 C:/xampppp/htdocs/Nelson/xd/PI-Nelson/vendor/laravel/framework/src/Illuminate/Foundation/resources/server.php(23): require_once('...')
#35 {main}
"} 
[2026-03-26 05:28:08] local.ERROR: syntax error, unexpected token "=>" {"exception":"[object] (ParseError(code: 0): syntax error, unexpected token \"=>\" at C:/xampppp/htdocs/Nelson/xd/PI-Nelson/app/Http/Controllers/AssetController.php:24)
[stacktrace]
#0 C:/xampppp/htdocs/Nelson/xd/PI-Nelson/vendor/composer/ClassLoader.php(427): {closure:Composer/Autoload/ClassLoader::initializeIncludeClosure():575}()
#1 [internal function]: Composer/Autoload/ClassLoader->loadClass()
#2 C:/xampppp/htdocs/Nelson/xd/PI-Nelson/vendor/laravel/framework/src/Illuminate/Routing/Route.php(1125): is_a()
#3 C:/xampppp/htdocs/Nelson/xd/PI-Nelson/vendor/laravel/framework/src/Illuminate/Routing/Route.php(1062): Illuminate/Routing/Route->controllerMiddleware()
#4 C:/xampppp/htdocs/Nelson/xd/PI-Nelson/vendor/laravel/framework/src/Illuminate/Routing/Router.php(834): Illuminate/Routing/Route->gatherMiddleware()
#5 C:/xampppp/htdocs/Nelson/xd/PI-Nelson/vendor/laravel/framework/src/Illuminate/Routing/Router.php(816): Illuminate/Routing/Router->gatherRouteMiddleware()
#6 C:/xampppp/htdocs/Nelson/xd/PI-Nelson/vendor/laravel/framework/src/Illuminate/Routing/Router.php(800): Illuminate/Routing/Router->runRouteWithinStack()
#7 C:/xampppp/htdocs/Nelson/xd/PI-Nelson/vendor/laravel/framework/src/Illuminate/Routing/Router.php(764): Illuminate/Routing/Router->runRoute()
#8 C:/xampppp/htdocs/Nelson/xd/PI-Nelson/vendor/laravel/framework/src/Illuminate/Routing/Router.php(753): Illuminate/Routing/Router->dispatchToRoute()
#9 C:/xampppp/htdocs/Nelson/xd/PI-Nelson/vendor/laravel/framework/src/Illuminate/Foundation/Http/Kernel.php(200): Illuminate/Routing/Router->dispatch()
#10 C:/xampppp/htdocs/Nelson/xd/PI-Nelson/vendor/laravel/framework/src/Illuminate/Pipeline/Pipeline.php(180): Illuminate/Foundation/Http/Kernel->{closure:Illuminate/Foundation/Http/Kernel::dispatchToRouter():197}()
#11 C:/xampppp/htdocs/Nelson/xd/PI-Nelson/vendor/laravel/framework/src/Illuminate/Foundation/Http/Middleware/TransformsRequest.php(21): Illuminate/Pipeline/Pipeline->{closure:Illuminate/Pipeline/Pipeline::prepareDestination():178}()
#12 C:/xampppp/htdocs/Nelson/xd/PI-Nelson/vendor/laravel/framework/src/Illuminate/Foundation/Http/Middleware/ConvertEmptyStringsToNull.php(31): Illuminate/Foundation/Http/Middleware/TransformsRequest->handle()
#13 C:/xampppp/htdocs/Nelson/xd/PI-Nelson/vendor/laravel/framework/src/Illuminate/Pipeline/Pipeline.php(219): Illuminate/Foundation/Http/Middleware/ConvertEmptyStringsToNull->handle()
#14 C:/xampppp/htdocs/Nelson/xd/PI-Nelson/vendor/laravel/framework/src/Illuminate/Foundation/Http/Middleware/TransformsRequest.php(21): Illuminate/Pipeline/Pipeline->{closure:{closure:Illuminate/Pipeline/Pipeline::carry():194}:195}()
#15 C:/xampppp/htdocs/Nelson/xd/PI-Nelson/vendor/laravel/framework/src/Illuminate/Foundation/Http/Middleware/TrimStrings.php(51): Illuminate/Foundation/Http/Middleware/TransformsRequest->handle()
#16 C:/xampppp/htdocs/Nelson/xd/PI-Nelson/vendor/laravel/framework/src/Illuminate/Pipeline/Pipeline.php(219): Illuminate/Foundation/Http/Middleware/TrimStrings->handle()
#17 C:/xampppp/htdocs/Nelson/xd/PI-Nelson/vendor/laravel/framework/src/Illuminate/Http/Middleware/ValidatePostSize.php(27): Illuminate/Pipeline/Pipeline->{closure:{closure:Illuminate/Pipeline/Pipeline::carry():194}:195}()
#18 C:/xampppp/htdocs/Nelson/xd/PI-Nelson/vendor/laravel/framework/src/Illuminate/Pipeline/Pipeline.php(219): Illuminate/Http/Middleware/ValidatePostSize->handle()
#19 C:/xampppp/htdocs/Nelson/xd/PI-Nelson/vendor/laravel/framework/src/Illuminate/Foundation/Http/Middleware/PreventRequestsDuringMaintenance.php(109): Illuminate/Pipeline/Pipeline->{closure:{closure:Illuminate/Pipeline/Pipeline::carry():194}:195}()
#20 C:/xampppp/htdocs/Nelson/xd/PI-Nelson/vendor/laravel/framework/src/Illuminate/Pipeline/Pipeline.php(219): Illuminate/Foundation/Http/Middleware/PreventRequestsDuringMaintenance->handle()
#21 C:/xampppp/htdocs/Nelson/xd/PI-Nelson/vendor/laravel/framework/src/Illuminate/Http/Middleware/HandleCors.php(74): Illuminate/Pipeline/Pipeline->{closure:{closure:Illuminate/Pipeline/Pipeline::carry():194}:195}()
#22 C:/xampppp/htdocs/Nelson/xd/PI-Nelson/vendor/laravel/framework/src/Illuminate/Pipeline/Pipeline.php(219): Illuminate/Http/Middleware/HandleCors->handle()
#23 C:/xampppp/htdocs/Nelson/xd/PI-Nelson/vendor/laravel/framework/src/Illuminate/Http/Middleware/TrustProxies.php(58): Illuminate/Pipeline/Pipeline->{closure:{closure:Illuminate/Pipeline/Pipeline::carry():194}:195}()
#24 C:/xampppp/htdocs/Nelson/xd/PI-Nelson/vendor/laravel/framework/src/Illuminate/Pipeline/Pipeline.php(219): Illuminate/Http/Middleware/TrustProxies->handle()
#25 C:/xampppp/htdocs/Nelson/xd/PI-Nelson/vendor/laravel/framework/src/Illuminate/Foundation/Http/Middleware/InvokeDeferredCallbacks.php(22): Illuminate/Pipeline/Pipeline->{closure:{closure:Illuminate/Pipeline/Pipeline::carry():194}:195}()
#26 C:/xampppp/htdocs/Nelson/xd/PI-Nelson/vendor/laravel/framework/src/Illuminate/Pipeline/Pipeline.php(219): Illuminate/Foundation/Http/Middleware/InvokeDeferredCallbacks->handle()
#27 C:/xampppp/htdocs/Nelson/xd/PI-Nelson/vendor/laravel/framework/src/Illuminate/Http/Middleware/ValidatePathEncoding.php(26): Illuminate/Pipeline/Pipeline->{closure:{closure:Illuminate/Pipeline/Pipeline::carry():194}:195}()
#28 C:/xampppp/htdocs/Nelson/xd/PI-Nelson/vendor/laravel/framework/src/Illuminate/Pipeline/Pipeline.php(219): Illuminate/Http/Middleware/ValidatePathEncoding->handle()
#29 C:/xampppp/htdocs/Nelson/xd/PI-Nelson/vendor/laravel/framework/src/Illuminate/Pipeline/Pipeline.php(137): Illuminate/Pipeline/Pipeline->{closure:{closure:Illuminate/Pipeline/Pipeline::carry():194}:195}()
#30 C:/xampppp/htdocs/Nelson/xd/PI-Nelson/vendor/laravel/framework/src/Illuminate/Foundation/Http/Kernel.php(175): Illuminate/Pipeline/Pipeline->then()
#31 C:/xampppp/htdocs/Nelson/xd/PI-Nelson/vendor/laravel/framework/src/Illuminate/Foundation/Http/Kernel.php(144): Illuminate/Foundation/Http/Kernel->sendRequestThroughRouter()
#32 C:/xampppp/htdocs/Nelson/xd/PI-Nelson/vendor/laravel/framework/src/Illuminate/Foundation/Application.php(1220): Illuminate/Foundation/Http/Kernel->handle()
#33 C:/xampppp/htdocs/Nelson/xd/PI-Nelson/public/index.php(20): Illuminate/Foundation/Application->handleRequest()
#34 C:/xampppp/htdocs/Nelson/xd/PI-Nelson/vendor/laravel/framework/src/Illuminate/Foundation/resources/server.php(23): require_once('...')
#35 {main}
"} 
[2026-03-26 05:29:10] local.ERROR: syntax error, unexpected token "=>" {"exception":"[object] (ParseError(code: 0): syntax error, unexpected token \"=>\" at C:/xampppp/htdocs/Nelson/xd/PI-Nelson/app/Http/Controllers/AssetController.php:24)
[stacktrace]
#0 C:/xampppp/htdocs/Nelson/xd/PI-Nelson/vendor/composer/ClassLoader.php(427): {closure:Composer/Autoload/ClassLoader::initializeIncludeClosure():575}()
#1 [internal function]: Composer/Autoload/ClassLoader->loadClass()
#2 C:/xampppp/htdocs/Nelson/xd/PI-Nelson/vendor/laravel/framework/src/Illuminate/Routing/Route.php(1125): is_a()
#3 C:/xampppp/htdocs/Nelson/xd/PI-Nelson/vendor/laravel/framework/src/Illuminate/Routing/Route.php(1062): Illuminate/Routing/Route->controllerMiddleware()
#4 C:/xampppp/htdocs/Nelson/xd/PI-Nelson/vendor/laravel/framework/src/Illuminate/Routing/Router.php(834): Illuminate/Routing/Route->gatherMiddleware()
#5 C:/xampppp/htdocs/Nelson/xd/PI-Nelson/vendor/laravel/framework/src/Illuminate/Routing/Router.php(816): Illuminate/Routing/Router->gatherRouteMiddleware()
#6 C:/xampppp/htdocs/Nelson/xd/PI-Nelson/vendor/laravel/framework/src/Illuminate/Routing/Router.php(800): Illuminate/Routing/Router->runRouteWithinStack()
#7 C:/xampppp/htdocs/Nelson/xd/PI-Nelson/vendor/laravel/framework/src/Illuminate/Routing/Router.php(764): Illuminate/Routing/Router->runRoute()
#8 C:/xampppp/htdocs/Nelson/xd/PI-Nelson/vendor/laravel/framework/src/Illuminate/Routing/Router.php(753): Illuminate/Routing/Router->dispatchToRoute()
#9 C:/xampppp/htdocs/Nelson/xd/PI-Nelson/vendor/laravel/framework/src/Illuminate/Foundation/Http/Kernel.php(200): Illuminate/Routing/Router->dispatch()
#10 C:/xampppp/htdocs/Nelson/xd/PI-Nelson/vendor/laravel/framework/src/Illuminate/Pipeline/Pipeline.php(180): Illuminate/Foundation/Http/Kernel->{closure:Illuminate/Foundation/Http/Kernel::dispatchToRouter():197}()
#11 C:/xampppp/htdocs/Nelson/xd/PI-Nelson/vendor/laravel/framework/src/Illuminate/Foundation/Http/Middleware/TransformsRequest.php(21): Illuminate/Pipeline/Pipeline->{closure:Illuminate/Pipeline/Pipeline::prepareDestination():178}()
#12 C:/xampppp/htdocs/Nelson/xd/PI-Nelson/vendor/laravel/framework/src/Illuminate/Foundation/Http/Middleware/ConvertEmptyStringsToNull.php(31): Illuminate/Foundation/Http/Middleware/TransformsRequest->handle()
#13 C:/xampppp/htdocs/Nelson/xd/PI-Nelson/vendor/laravel/framework/src/Illuminate/Pipeline/Pipeline.php(219): Illuminate/Foundation/Http/Middleware/ConvertEmptyStringsToNull->handle()
#14 C:/xampppp/htdocs/Nelson/xd/PI-Nelson/vendor/laravel/framework/src/Illuminate/Foundation/Http/Middleware/TransformsRequest.php(21): Illuminate/Pipeline/Pipeline->{closure:{closure:Illuminate/Pipeline/Pipeline::carry():194}:195}()
#15 C:/xampppp/htdocs/Nelson/xd/PI-Nelson/vendor/laravel/framework/src/Illuminate/Foundation/Http/Middleware/TrimStrings.php(51): Illuminate/Foundation/Http/Middleware/TransformsRequest->handle()
#16 C:/xampppp/htdocs/Nelson/xd/PI-Nelson/vendor/laravel/framework/src/Illuminate/Pipeline/Pipeline.php(219): Illuminate/Foundation/Http/Middleware/TrimStrings->handle()
#17 C:/xampppp/htdocs/Nelson/xd/PI-Nelson/vendor/laravel/framework/src/Illuminate/Http/Middleware/ValidatePostSize.php(27): Illuminate/Pipeline/Pipeline->{closure:{closure:Illuminate/Pipeline/Pipeline::carry():194}:195}()
#18 C:/xampppp/htdocs/Nelson/xd/PI-Nelson/vendor/laravel/framework/src/Illuminate/Pipeline/Pipeline.php(219): Illuminate/Http/Middleware/ValidatePostSize->handle()
#19 C:/xampppp/htdocs/Nelson/xd/PI-Nelson/vendor/laravel/framework/src/Illuminate/Foundation/Http/Middleware/PreventRequestsDuringMaintenance.php(109): Illuminate/Pipeline/Pipeline->{closure:{closure:Illuminate/Pipeline/Pipeline::carry():194}:195}()
#20 C:/xampppp/htdocs/Nelson/xd/PI-Nelson/vendor/laravel/framework/src/Illuminate/Pipeline/Pipeline.php(219): Illuminate/Foundation/Http/Middleware/PreventRequestsDuringMaintenance->handle()
#21 C:/xampppp/htdocs/Nelson/xd/PI-Nelson/vendor/laravel/framework/src/Illuminate/Http/Middleware/HandleCors.php(74): Illuminate/Pipeline/Pipeline->{closure:{closure:Illuminate/Pipeline/Pipeline::carry():194}:195}()
#22 C:/xampppp/htdocs/Nelson/xd/PI-Nelson/vendor/laravel/framework/src/Illuminate/Pipeline/Pipeline.php(219): Illuminate/Http/Middleware/HandleCors->handle()
#23 C:/xampppp/htdocs/Nelson/xd/PI-Nelson/vendor/laravel/framework/src/Illuminate/Http/Middleware/TrustProxies.php(58): Illuminate/Pipeline/Pipeline->{closure:{closure:Illuminate/Pipeline/Pipeline::carry():194}:195}()
#24 C:/xampppp/htdocs/Nelson/xd/PI-Nelson/vendor/laravel/framework/src/Illuminate/Pipeline/Pipeline.php(219): Illuminate/Http/Middleware/TrustProxies->handle()
#25 C:/xampppp/htdocs/Nelson/xd/PI-Nelson/vendor/laravel/framework/src/Illuminate/Foundation/Http/Middleware/InvokeDeferredCallbacks.php(22): Illuminate/Pipeline/Pipeline->{closure:{closure:Illuminate/Pipeline/Pipeline::carry():194}:195}()
#26 C:/xampppp/htdocs/Nelson/xd/PI-Nelson/vendor/laravel/framework/src/Illuminate/Pipeline/Pipeline.php(219): Illuminate/Foundation/Http/Middleware/InvokeDeferredCallbacks->handle()
#27 C:/xampppp/htdocs/Nelson/xd/PI-Nelson/vendor/laravel/framework/src/Illuminate/Http/Middleware/ValidatePathEncoding.php(26): Illuminate/Pipeline/Pipeline->{closure:{closure:Illuminate/Pipeline/Pipeline::carry():194}:195}()
#28 C:/xampppp/htdocs/Nelson/xd/PI-Nelson/vendor/laravel/framework/src/Illuminate/Pipeline/Pipeline.php(219): Illuminate/Http/Middleware/ValidatePathEncoding->handle()
#29 C:/xampppp/htdocs/Nelson/xd/PI-Nelson/vendor/laravel/framework/src/Illuminate/Pipeline/Pipeline.php(137): Illuminate/Pipeline/Pipeline->{closure:{closure:Illuminate/Pipeline/Pipeline::carry():194}:195}()
#30 C:/xampppp/htdocs/Nelson/xd/PI-Nelson/vendor/laravel/framework/src/Illuminate/Foundation/Http/Kernel.php(175): Illuminate/Pipeline/Pipeline->then()
#31 C:/xampppp/htdocs/Nelson/xd/PI-Nelson/vendor/laravel/framework/src/Illuminate/Foundation/Http/Kernel.php(144): Illuminate/Foundation/Http/Kernel->sendRequestThroughRouter()
#32 C:/xampppp/htdocs/Nelson/xd/PI-Nelson/vendor/laravel/framework/src/Illuminate/Foundation/Application.php(1220): Illuminate/Foundation/Http/Kernel->handle()
#33 C:/xampppp/htdocs/Nelson/xd/PI-Nelson/public/index.php(20): Illuminate/Foundation/Application->handleRequest()
#34 C:/xampppp/htdocs/Nelson/xd/PI-Nelson/vendor/laravel/framework/src/Illuminate/Foundation/resources/server.php(23): require_once('...')
#35 {main}
"} 
